taskId,taskName,sectionId,parentTaskId,completed,due,priority,description,parentTask,section,assignee,createdDate,completedDate
7102359922,Organizar Linkedin,,,FALSE,ago. 3,2,6,,,,2023-08-02T14:18:42.763961Z,
7102376421,Organizar Github,,,FALSE,ago. 4,2,8,,,,2023-08-02T14:23:38.202830Z,
7102366255,Incluir série histórica do IPCA no Stock-Advisor,,,FALSE,ago. 4,4,2,,,,2023-08-02T14:20:35.252911Z,
7102374488,Organizar e comentar código do deep_tinder para subir ao Github,,,FALSE,ago. 3,2,9,,,,2023-08-02T14:23:01.039779Z,
7102373104,Responder propostas atrasadas no Linkedin,,,FALSE,ago. 3,3,3,,,,2023-08-02T14:22:34.498389Z,
7102383732,Explorar ideia do projeto Stock-News-Sentiment,,,FALSE,ago. 3,4,5,,,,2023-08-02T14:25:57.141928Z,
7102384110,Explorar ideia do projeto Preço-Alvo,,,FALSE,ago. 9,4,5,,,,2023-08-02T14:26:03.512941Z,
7102392732,Trabalhar na parte de Portfolio do projeto Stock-Advisor,,,FALSE,ago. 4,4,5,,,,2023-08-02T14:28:44.376612Z,
7102401004,Chegar aos 28.5k de fotos para cada classe do projeto Deep Tinder,,,FALSE,ago. 6,4,3,,,,2023-08-02T14:31:15.817417Z,
7102522503,Consertar stream de preços ao vivo no Stock-Advisor,,,FALSE,ago. 4,4,5,,,,2023-08-02T15:07:51.450760Z,
7103341216,Me aplicar a vagas de Data Engineer no Linkedin,,,FALSE,ago. 8,1,6,,,,2023-08-02T20:05:57.309570Z,
7103406468,Chegar a 500 conexões no Linkedin.,,,FALSE,ago. 7,3,6,,,,2023-08-02T20:34:46.803026Z,
7103417118,Testar o deep_tinder com imagens em cinza ao invés de colorido.,,,FALSE,ago. 6,4,2,,,,2023-08-02T20:39:13.292836Z,
7103482744,Ajeitar o Github do Stocks-Adivsor para que outras pessoas possam usar,,,FALSE,ago. 8,3,9,,,,2023-08-02T21:09:10.956145Z,
7103667721,Academia,,,FALSE,every workday,1,**Current streak:** 1 day,,,,2023-08-02T22:51:35.193862Z,
7103721285,Dormir Cedo,,,FALSE,every day,1,**Current streak:** 2 days,,,,2023-08-02T23:29:25.675232Z,
7103836010,Tomar remédios,,,FALSE,every day,1,**Current streak:** 1 day,,,,2023-08-03T00:54:55.327932Z,
7103837121,Comer saudável,,,FALSE,every day,1,**Current streak:** 1 day,,,,2023-08-03T00:55:41.280701Z,
7103840716,Fazer Currículo Atualizado,,,FALSE,ago. 7,1,8,,,,2023-08-03T00:58:19.611975Z,
7103846206,Tomar Vitaminas,,,FALSE,every day,1,**Current streak:** 0 days,,,,2023-08-03T01:02:23.389137Z,
7102369589,Organizar e comentar código do Stock-Advisor para subir ao Github,,,TRUE,ago. 2,2,,,,,2023-08-02T14:21:30.115067Z,2023-08-02T20:03:14.229536Z
7102351939,Fazer um atualizador automático das empresas listadas na B3 para o JSON de tickers,,,TRUE,ago. 2,4,,,,,2023-08-02T14:16:21.429846Z,2023-08-02T16:01:12.028379Z
6716741541,Criar Currículo Novo,,,TRUE,23 mar.,4,,,,,2023-03-20T08:48:15.208318Z,2023-04-28T15:08:45.518708Z
6716738748,Planejar Revisão do Linkedin,,,TRUE,23 mar.,4,"Linkedin, Github e outros portais",,,,2023-03-20T08:47:12.560157Z,2023-04-28T15:08:44.348693Z
6716730423,Aprender Smells Like Teen Spirit,,,TRUE,mar. 23,4,Tocar junto com o Backing Track,,,,2023-03-20T08:44:16.247279Z,2023-04-28T15:08:43.339652Z
6716714858,Estudar Teoria Musical,,,TRUE,22 mar.,4,Aprender sobre notas da guitarra e básico de teoria no YT,,,,2023-03-20T08:38:50.275279Z,2023-04-28T15:08:42.353273Z
6716675296,Aprender a tocar Californication,,,TRUE,mar. 21,4,Ensaiar a música com o backing track de guitarra,,,,2023-03-20T08:25:28.738898Z,2023-04-28T15:08:41.537565Z
6716733557,Formatura da Vi,,,TRUE,1 abr.,4,,,,,2023-03-20T08:45:20.565268Z,2023-04-02T21:39:09.602991Z
6719292962,Planejar Trajes para Formatura da Vi,,,TRUE,mar. 22,4,,,,,2023-03-20T21:30:36.888203Z,2023-04-02T21:38:53.844281Z
6719294014,Separar 2 gravatas,,6719292962,TRUE,,4,,Planejar Trajes para Formatura da Vi,,,2023-03-20T21:30:56.864012Z,2023-04-02T21:38:53.694552Z
6719295032,Separar Sapato 39/40,,6719292962,TRUE,,4,,Planejar Trajes para Formatura da Vi,,,2023-03-20T21:31:23.029760Z,2023-04-02T21:38:53.455008Z
6719295249,Separar Sapato 40,,6719292962,TRUE,,4,,Planejar Trajes para Formatura da Vi,,,2023-03-20T21:31:28.556842Z,2023-04-02T21:38:53.317939Z
6719298943,Procurar Sapato que caiba em mim,,6719292962,TRUE,,4,,Planejar Trajes para Formatura da Vi,,,2023-03-20T21:33:04.959616Z,2023-04-02T21:38:53.173029Z
6719490019,Procurar Paletó,,6719292962,TRUE,,4,,Planejar Trajes para Formatura da Vi,,,2023-03-20T23:09:27.815692Z,2023-04-02T21:38:52.943135Z
6716706697,Comprar Camisa Social,,,TRUE,24 mar.,4,Ir com Leo,,,,2023-03-20T08:35:58.264557Z,2023-03-24T18:20:53.705334Z
6719297969,Procurar Camisa Social que caiba em mim,,6719292962,TRUE,,4,,Planejar Trajes para Formatura da Vi,,,2023-03-20T21:32:34.641613Z,2023-03-24T18:20:43.075846Z
6716710008,Aparar a Barba,,,TRUE,21 mar.,4,,,,,2023-03-20T08:37:12.928398Z,2023-03-24T18:20:25.874279Z
6716749498,Procurar Terapeutas,,,TRUE,21 mar.,4,Procurar Terapeutas especializados em TCC,,,,2023-03-20T08:51:06.417474Z,2023-03-21T23:09:00.119700Z
6716691559,Psiquiatra,,,TRUE,21 mar. 17:00,4,,,,,2023-03-20T08:30:53.012807Z,2023-03-21T23:08:52.975127Z
6716688517,Aula de Música,,,TRUE,21 mar. 15:00,4,- Conversar com Gil objetivos (músicas de 1 guitarra e fáceis e no futuro compor riffs) smells like teen spirit - Levar mensalidade R$450 - Ver 2 horarios diferentes na semana,,,,2023-03-20T08:29:52.636066Z,2023-03-21T23:08:51.861067Z
6716720162,Confirmar Planejamentos da Viagem,,,TRUE,22 mar.,4,,,,,2023-03-20T08:40:49.842662Z,2023-03-21T03:02:44.553673Z
6716724286,Calcular Comida e Bebida,,6716720162,TRUE,,4,,Confirmar Planejamentos da Viagem,,,2023-03-20T08:42:14.216620Z,2023-03-21T03:02:36.820966Z
6716725148,Lembrar pai do Euro,,6716720162,TRUE,,4,,Confirmar Planejamentos da Viagem,,,2023-03-20T08:42:29.421766Z,2023-03-21T03:02:34.086481Z
6716724723,Lembrar Leo da Mochila,,6716720162,TRUE,,4,,Confirmar Planejamentos da Viagem,,,2023-03-20T08:42:21.524141Z,2023-03-21T03:02:32.138868Z
6716722661,Ver exatamente quanto precisamos para os hostels,,6716720162,TRUE,,4,,Confirmar Planejamentos da Viagem,,,2023-03-20T08:41:41.838196Z,2023-03-21T03:02:26.865718Z
6716680016,Reservar os Hostels da Viagem,,,TRUE,20 mar.,4,"Bruxelas, Munique, Viena e Praga",,,,2023-03-20T08:27:02.943919Z,2023-03-21T02:48:56.483291Z
5944501102,Trabalhar no projeto de Analisador de Esforço,,,TRUE,jun. 22,3,5.5,,,,2022-06-20T20:37:12.763808Z,2023-01-10T23:37:31.968734Z
5945005445,teste,,,TRUE,12 ago.,1,1,,,,2022-06-21T02:01:37.556942Z,2023-01-10T23:37:31.556281Z
5928924844,Passar a oportunidade de GEAP para o nome do Michael no CRM,,,TRUE,jun. 14,1,,,,,2022-06-14T15:25:27.827341Z,2022-06-14T15:31:21.060300Z
5917164479,Renovar CNH,,,TRUE,jun. 13,1,,,,,2022-06-09T20:51:26.388760Z,2022-06-13T18:29:17.090600Z
5381774562,Organizar Refresh Unified,,,TRUE,,2,,,,,2021-12-02T18:37:20.805154Z,2022-06-13T18:14:56.059800Z
5512254482,Refresh Unified,,,TRUE,every 15 days ending 2022-07-01,1,,,,,2022-01-18T16:12:31.395811Z,2022-06-13T18:10:35.056800Z
5910994192,Falar com Gui par pagar último boleto da Faculdade,,,TRUE,jun. 13,1,,,,,2022-06-07T20:00:53.996732Z,2022-06-13T17:40:09.052700Z
5913182472,3º Dose da Vacina de COVID,,,TRUE,jun. 13 13:20,1,na UBS Caxambu,,,,2022-06-08T14:26:02.971816Z,2022-06-13T17:22:57.012900Z
5917396423,"Levar 4 ovos, pão normal, pão especial, batata e fondue para Sofia",,,TRUE,jun. 11,2,,,,,2022-06-09T23:12:14.075972Z,2022-06-13T11:39:18.031900Z
5913818946,Consulta Médica - Reprogramação do Sono,,,TRUE,jun. 9,1,,,,,2022-06-08T18:05:55.121407Z,2022-06-10T19:25:12.067700Z
5919683457,Verificar com o time se têm alguma sugestão ou se preferem adiar.,,5381774562,TRUE,,4,,Organizar Refresh Unified,,,2022-06-10T19:09:09.569146Z,2022-06-10T19:24:44.031500Z
5876563602,Verificar com a Re e com o time o que pode ser o próximo refresh,,5381774562,TRUE,,4,,Organizar Refresh Unified,,,2022-05-25T17:27:28.428729Z,2022-06-10T19:08:47.030800Z
5861025504,Brainstorm Pessoal,,,TRUE,2022-06-08,1,,,,,2022-05-19T21:41:58.874258Z,2022-06-09T18:44:34.095100Z
5860992746,Perguntar ao Michel se conhece alguém para falar de SABs,,5381774562,TRUE,,4,,Organizar Refresh Unified,,,2022-05-19T21:24:16.743897Z,2022-06-08T16:38:11.093700Z
5901126400,Falar com Gui sobre boleto da faculdade e conta do Sírio,,,TRUE,7 jun.,2,,,,,2022-06-03T20:35:20.418181Z,2022-06-07T20:00:24.026900Z
5903244157,Cancelar assinatura FastFormat,,,TRUE,7 jun.,1,,,,,2022-06-05T02:18:12.126353Z,2022-06-07T18:47:51.030800Z
5903009581,Excluir repositórios de Testes de Software do github,,,TRUE,jun. 6,3,,,,,2022-06-04T21:36:00.064218Z,2022-06-07T18:04:44.054400Z
5903008966,Excluir banco de dados do trabalho da faculdade na AWS,,,TRUE,jun. 6,3,,,,,2022-06-04T21:35:23.883362Z,2022-06-07T17:33:01.047200Z
5876560657,Mandar mensagem para o time reforçando o Refresh,,5381774562,TRUE,jun. 7 14:00,2,,Organizar Refresh Unified,,,2022-05-25T17:26:18.566636Z,2022-06-07T16:40:20.098100Z
5907557470,Enviar TCC no OJS,,,TRUE,6 jun.,1,,,,,2022-06-06T18:59:35.134911Z,2022-06-06T21:25:36.257000Z
5892546028,Fazer alterações no TCC,,,TRUE,jun. 4,1,,,,,2022-06-01T00:09:07.827594Z,2022-06-04T23:53:15.034900Z
5892545720,Fazer alterações no TCC,,,TRUE,jun. 3,1,,,,,2022-06-01T00:08:53.336340Z,2022-06-04T16:52:52.755000Z
5900476064,Preencher formulário da Raizen,,,TRUE,jun. 3,1,,,,,2022-06-03T15:26:42.051804Z,2022-06-03T20:33:19.027200Z
5873652085,Tem alguma dieta que posso fazer?,,5873629436,TRUE,,4,,Consulta médica - Reprogramação do Sono,,,2022-05-24T18:34:37.285064Z,2022-06-03T19:09:06.030900Z
5873643417,Podemos marcar a endoscopia?,,5873629436,TRUE,,4,,Consulta médica - Reprogramação do Sono,,,2022-05-24T18:30:56.706399Z,2022-06-03T19:09:06.030900Z
5873643071,"Senti uma reduzida na dor do abdomen, porém alguns dias está muito forte. Talvez quando fico muito tempo sem comer ou quando estou nervoso/ansioso.",,5873629436,TRUE,,4,,Consulta médica - Reprogramação do Sono,,,2022-05-24T18:30:47.870802Z,2022-06-03T19:09:06.030900Z
5873638992,"Prysma não está funcionando direito para mim. Não me faz dormir mais cedo, continuo indo até às 5h. Porém me faz dormir mais.",,5873629436,TRUE,,4,,Consulta médica - Reprogramação do Sono,,,2022-05-24T18:29:12.247989Z,2022-06-03T19:09:06.030900Z
5873635874,"Enjoo, azia e soluço muito forte com o Victoza. O que fazer?",,5873629436,TRUE,,4,,Consulta médica - Reprogramação do Sono,,,2022-05-24T18:27:55.919154Z,2022-06-03T19:09:06.030900Z
5873629436,Consulta médica - Reprogramação do Sono,,,TRUE,jun. 3 10:00,1,,,,,2022-05-24T18:25:24.433262Z,2022-06-03T19:09:06.030900Z
5900474109,Conversar com Milene sobre não renovar a Carta Garantia  de MPGM,,,TRUE,jun. 3,2,,,,,2022-06-03T15:26:01.915478Z,2022-06-03T17:40:40.072400Z
5861014902,Prova - CD,,,TRUE,jun. 2 19:20,1,,,,,2022-05-19T21:35:59.854987Z,2022-06-02T23:19:52.576000Z
5874338634,Estudar CD,,,TRUE,jun. 2 14:00,1,,,,,2022-05-25T00:20:45.514572Z,2022-06-02T21:36:02.114000Z
5893876078,Prova ano passado,,5874338634,TRUE,,4,,Estudar CD,,,2022-06-01T11:53:17.681329Z,2022-06-02T21:36:01.065000Z
5893875584,Agrupamento particional,,5874338634,TRUE,,4,,Estudar CD,,,2022-06-01T11:53:05.324400Z,2022-06-02T21:35:59.494000Z
5892544785,Organizar alterações a serem feitas no TCC e dúvidas para o orientador,,,TRUE,jun. 2 08:00,1,,,,,2022-06-01T00:08:05.366313Z,2022-06-02T16:39:37.066900Z
5894669477,Reunião - Orientador,,,TRUE,jun. 2 13:00,1,,,,,2022-06-01T15:56:01.958934Z,2022-06-02T16:39:35.028500Z
5895402528,Reunião - GEAP,,,TRUE,jun. 2 10:00,1,,,,,2022-06-01T20:44:11.901473Z,2022-06-02T14:05:54.031800Z
5874339037,Estudar CD,,,TRUE,jun. 2 14:00,1,,,,,2022-05-25T00:21:03.482081Z,2022-06-02T01:14:56.021300Z
5893875322,Agrupamento hierárquico,,5874338634,TRUE,,4,,Estudar CD,,,2022-06-01T11:52:58.359708Z,2022-06-01T23:53:17.040800Z
5892703577,GEAP,,,TRUE,jun. 2,1,,,,,2022-06-01T02:00:56.434113Z,2022-06-01T20:56:52.022500Z
5893906052,Criar um draft do contrato,,5892703577,TRUE,,4,,GEAP,,,2022-06-01T12:03:42.234530Z,2022-06-01T20:56:41.002900Z
5893906976,Alinhar com Sugai horário para apresentação,,5892703577,TRUE,,4,,GEAP,,,2022-06-01T12:04:00.308100Z,2022-06-01T20:43:31.004000Z
5893905037,Atualizar a estimativa orçamentária para incluir os três cenários,,5892703577,TRUE,,4,,GEAP,,,2022-06-01T12:03:21.192924Z,2022-06-01T19:18:31.012200Z
5893888189,Anexar email com aprovação ao Compass,,5892703577,TRUE,,4,,GEAP,,,2022-06-01T11:57:13.152941Z,2022-06-01T19:18:26.029800Z
5876554936,Averiguar com o Michel se está tudo certo para o Refresh da semana que vem (e mandar invite),,5381774562,TRUE,jun. 1,2,,Organizar Refresh Unified,,,2022-05-25T17:23:58.995478Z,2022-06-01T17:50:37.006200Z
5893912857,Pedir ajuda a Daiane para escalar situação do TCC,,,TRUE,jun. 1,1,,,,,2022-06-01T12:06:04.944988Z,2022-06-01T15:40:50.026200Z
5893843878,Ligar para o Cris,,5892703577,TRUE,,4,,GEAP,,,2022-06-01T11:40:42.976975Z,2022-06-01T15:17:13.069500Z
5893887808,Pedir aprovação da Renata para o desconto de 20%,,5892703577,TRUE,,4,,GEAP,,,2022-06-01T11:57:04.719560Z,2022-06-01T15:17:10.019300Z
5867418429,Fazer IR,,,TRUE,mai. 31 20:30,1,,,,,2022-05-22T20:55:02.270298Z,2022-05-31T22:50:06.020100Z
5861014320,Prova - BD,,,TRUE,mai. 30 19:20,1,,,,,2022-05-19T21:35:36.657177Z,2022-05-30T22:46:54.237000Z
5861018235,Estudar BD,,,TRUE,mai. 30 12:00,1,,,,,2022-05-19T21:37:46.268456Z,2022-05-30T22:46:53.032000Z
5888578963,Criar Compass Cenário 3 - GEAP,,,TRUE,mai. 30,1,,,,,2022-05-30T17:41:52.171048Z,2022-05-30T18:37:33.031100Z
5888577906,Criar Compass Cenário 2 - GEAP,,,TRUE,mai. 30,1,,,,,2022-05-30T17:41:21.351158Z,2022-05-30T18:16:21.085800Z
5888024224,Reunião de Alinhamento - GEAP,,,TRUE,mai. 30 14:00,1,,,,,2022-05-30T14:13:51.065884Z,2022-05-30T17:37:38.059400Z
5861013536,Prova - TS,,,TRUE,mai. 30 09:20,1,,,,,2022-05-19T21:35:10.057775Z,2022-05-30T13:38:35.366000Z
5861017249,Estudar TS,,,TRUE,mai. 29,1,,,,,2022-05-19T21:37:12.367162Z,2022-05-30T13:38:32.926000Z
5884436502,Revisar,,5861017249,TRUE,,4,,Estudar TS,,,2022-05-29T01:57:06.777735Z,2022-05-30T13:38:31.268000Z
5884174437,Baseado em riscos,,5884087152,TRUE,,4,,Aulas de Laboratório,,,2022-05-28T20:48:05.811695Z,2022-05-30T13:38:30.049000Z
5884087152,Aulas de Laboratório,,5861017249,TRUE,,4,,Estudar TS,,,2022-05-28T19:34:32.237699Z,2022-05-30T13:38:30.049000Z
5884270756,Automação de Testes,,5861017249,TRUE,,4,,Estudar TS,,,2022-05-28T22:23:30.300840Z,2022-05-29T02:43:34.037100Z
5884086871,Testes de Sistema e Aceitação,,5861017249,TRUE,,4,,Estudar TS,,,2022-05-28T19:34:17.188185Z,2022-05-29T02:34:01.004900Z
5884086991,Testes de Integração,,5861017249,TRUE,,4,,Estudar TS,,,2022-05-28T19:34:23.477210Z,2022-05-29T01:56:31.038900Z
5884174984,Tipos de Testes,,5861017249,TRUE,,4,,Estudar TS,,,2022-05-28T20:48:35.370991Z,2022-05-28T22:46:01.881000Z
5884174276,Selenium,,5884087152,TRUE,,4,,Aulas de Laboratório,,,2022-05-28T20:47:56.240532Z,2022-05-28T22:23:51.006800Z
5884174240,Jmeter,,5884087152,TRUE,,4,,Aulas de Laboratório,,,2022-05-28T20:47:54.559120Z,2022-05-28T22:23:49.089000Z
5884174720,Complexidade Ciclomática,,5861017249,TRUE,,4,,Estudar TS,,,2022-05-28T20:48:22.755822Z,2022-05-28T20:48:48.008300Z
5861011009,Quest 3 - BD,,,TRUE,mai. 28,1,,,,,2022-05-19T21:34:02.148721Z,2022-05-28T18:52:07.046700Z
5861010787,Quest 2 - BD,,,TRUE,mai. 27,1,,,,,2022-05-19T21:33:57.685315Z,2022-05-28T18:37:26.025000Z
5861010664,Quest 1 - BD,,,TRUE,mai. 27,1,,,,,2022-05-19T21:33:52.792665Z,2022-05-27T17:27:24.018900Z
5861009924,Trabalho - BD,,,TRUE,26 mai.,1,,,,,2022-05-19T21:33:29.629174Z,2022-05-27T01:15:05.076700Z
5879290003,Ajustar CRM da Ana,,,TRUE,mai. 26,2,,,,,2022-05-26T17:21:30.614775Z,2022-05-26T19:58:46.078400Z
5874336954,Reunião GEAP,,,TRUE,mai. 26 15:00,1,,,,,2022-05-25T00:19:29.033092Z,2022-05-26T19:31:46.168000Z
5879105013,Call com a Ana,,,TRUE,mai. 26 14:00,2,,,,,2022-05-26T16:03:37.707582Z,2022-05-26T17:21:13.099200Z
5867419861,Descobrir como conseguir reembolso pelo plano de saúde,,,TRUE,mai. 31,2,,,,,2022-05-22T20:55:59.022732Z,2022-05-25T22:32:16.025300Z
5860992442,Perguntar ao Michel se quer participar do próximo,,5381774562,TRUE,,4,,Organizar Refresh Unified,,,2022-05-19T21:24:06.869152Z,2022-05-25T17:23:32.019500Z
5869866402,Terminar cursos pendentes no MS Learning,,,TRUE,25 mai.,1,,,,,2022-05-23T15:21:46.011045Z,2022-05-25T16:34:26.071700Z
5874336414,Remarcar consulta médica,,,TRUE,mai. 25,1,,,,,2022-05-25T00:19:04.320133Z,2022-05-25T15:01:06.022200Z
5861008525,Trabalho - CD,,,TRUE,24 mai.,1,,,,,2022-05-19T21:32:42.377061Z,2022-05-25T06:40:17.066900Z
5860996327,Connect,,,TRUE,mai. 24 14:00,1,,,,,2022-05-19T21:26:04.872805Z,2022-05-24T19:14:52.044900Z
5860995232,Montar roteiro do Connect,,,TRUE,23 mai.,1,,,,,2022-05-19T21:25:36.335973Z,2022-05-24T06:05:17.081000Z
5860999697,Lab 12 - TS,,,TRUE,mai. 19,2,,,,,2022-05-19T21:27:48.236205Z,2022-05-20T03:20:54.083300Z
5860997301,Comprar presente de dia dos namorados,,,TRUE,mai. 19,1,,,,,2022-05-19T21:26:32.631263Z,2022-05-19T22:16:00.861000Z
5486534902,Conversar com Cris sobre próximo Refresh,,5381774562,TRUE,,4,,Organizar Refresh Unified,,,2022-01-10T20:35:40.008727Z,2022-05-17T13:57:56.543000Z
5746763721,Pegar presença nas palestras do WTT,,,TRUE,abr. 8,1,,,,,2022-04-07T21:22:10.508865Z,2022-04-09T00:26:41.975000Z
5748388200,Marcar consulta médica,,,TRUE,abr. 8,1,,,,,2022-04-08T12:54:04.041043Z,2022-04-08T21:33:15.865000Z
5746763991,Pegar presença nas palestras do WTT,,,TRUE,abr. 7,1,,,,,2022-04-07T21:22:19.241249Z,2022-04-08T00:26:30.018000Z
5746757204,Enviar Valores GEAP,,,TRUE,abr. 7,1,,,,,2022-04-07T21:18:33.675790Z,2022-04-07T22:05:42.025700Z
5649178127,Marcar reunião com Paulo para entender,,5627198399,TRUE,,4,,Iniciar processamento da NF de Reajuste da Defensoria,,,2022-03-04T19:19:09.239130Z,2022-04-05T05:45:19.504000Z
5627198399,Iniciar processamento da NF de Reajuste da Defensoria,,,TRUE,mar. 9,1,,,,,2022-02-24T22:54:42.875516Z,2022-04-05T05:45:19.504000Z
5626771817,Fazer cadastro da MS na Nimbi (a pedido da Ambev),,,TRUE,mar. 2,3,,,,,2022-02-24T19:24:53.087919Z,2022-04-05T05:45:07.954000Z
5626735687,Validar compass de SERPRO com a Roberta,,,TRUE,mar. 4,1,,,,,2022-02-24T19:08:50.104846Z,2022-03-08T20:32:46.071700Z
5630411363,Atividade de Ciência de Dados,,,TRUE,mar. 2,1,,,,,2022-02-26T07:09:12.451383Z,2022-03-04T19:19:28.001900Z
5645840991,Gravar Refresh,,5381774562,TRUE,,4,,Organizar Refresh Unified,,,2022-03-03T16:54:13.970000Z,2022-03-03T20:42:49.267000Z
5620081183,Lembrar ao time sobre o Refresh e dizer sobre o que será,,5381774562,TRUE,,4,,Organizar Refresh Unified,,,2022-02-22T16:42:15.541110Z,2022-03-03T16:53:55.097300Z
5630270628,Atividade de BD - LAB 3,,,TRUE,fev. 26,2,,,,,2022-02-26T04:28:16.874328Z,2022-02-26T05:04:30.032500Z
5630270347,Atividade de BD - Lab 2,,,TRUE,fev. 26,2,,,,,2022-02-26T04:28:00.245624Z,2022-02-26T04:28:17.050100Z
5627183738,Cobrar resposta do cliente,,5626648510,TRUE,,4,,Responder email sobre Garantia SEFAZ,,,2022-02-24T22:46:22.483882Z,2022-02-25T20:13:41.020300Z
5627183036,"Responder ao Marcelo com o ""de acordo"" do cliente",,5626648510,TRUE,,4,,Responder email sobre Garantia SEFAZ,,,2022-02-24T22:45:57.596269Z,2022-02-25T20:13:41.020300Z
5626648510,Responder email sobre Garantia SEFAZ,,,TRUE,fev. 25,1,,,,,2022-02-24T18:30:46.088033Z,2022-02-25T20:13:41.020300Z
5629435749,Reunião MTC 2,,,TRUE,fev. 25 16:00,1,,,,,2022-02-25T18:17:52.381248Z,2022-02-25T20:02:52.078400Z
5626720391,Criar grupo com Ronald e enviar template do e-mail para o cliente,,,TRUE,fev. 25,2,,,,,2022-02-24T19:02:19.624445Z,2022-02-25T18:35:42.005000Z
5629185289,Responder e-mail da SERPRO,,,TRUE,fev. 25,2,,,,,2022-02-25T16:37:30.436471Z,2022-02-25T18:23:14.053200Z
5626721599,Enviar 3 datas da semana do dia 14 para Carol - GEAP e outros de Health,,,TRUE,fev. 25,2,,,,,2022-02-24T19:02:54.991717Z,2022-02-25T18:18:54.057100Z
5629181326,Reunião MTC,,,TRUE,fev. 25 14:30,1,,,,,2022-02-25T16:36:00.041004Z,2022-02-25T18:17:23.039000Z
5617697809,Conversar com a Roberta sobre SERPRO,,,TRUE,fev. 23,1,,,,,2022-02-21T22:49:46.722566Z,2022-02-25T18:08:05.020100Z
5616917733,Atividade de Testes de Software - TG2,,,TRUE,fev. 24,1,,,,,2022-02-21T17:39:26.904882Z,2022-02-25T02:55:04.482000Z
5603335546,Atividade de Testes de Software - TG1,,,TRUE,fev. 24,1,,,,,2022-02-16T23:29:21.313112Z,2022-02-25T01:58:00.332000Z
5627114257,Responder e-mail da SERPRO sobre proposta,,,TRUE,fev. 24,2,,,,,2022-02-24T22:06:49.552581Z,2022-02-24T23:04:42.025100Z
5627113975,Enviar e-mail para SEFAZ sobre apólice,,,TRUE,fev. 24,1,,,,,2022-02-24T22:06:39.556432Z,2022-02-24T22:45:20.045000Z
5626654777,Mandar e-mail sobre reajuste Defensoria,,,TRUE,24 fev.,1,,,,,2022-02-24T18:33:22.594992Z,2022-02-24T20:58:48.096700Z
5626724368,Responder e-mail do Benedetti sobre Nimbi,,,TRUE,fev. 24,3,,,,,2022-02-24T19:04:09.077975Z,2022-02-24T19:24:17.012200Z
5626715066,Enviar contrato Autorização de Início dos Serviços,,5626648510,TRUE,,4,,Responder email sobre Garantia SEFAZ,,,2022-02-24T18:59:53.921297Z,2022-02-24T19:23:05.052100Z
5620027276,Cobrar garantia da Sefaz,,,TRUE,fev. 23,1,,,,,2022-02-22T16:25:50.541592Z,2022-02-24T18:14:49.784000Z
5616915464,Atividade de Ciência de Dados,,,TRUE,fev. 22,1,,,,,2022-02-21T17:38:49.664221Z,2022-02-24T02:05:10.762000Z
5566286829,Apresentar Security nas PODs e para os CSAMs (montar cronograma),,5566286021,TRUE,,4,,Conversar com Guilherme,,,2022-02-04T21:39:21.409326Z,2022-02-22T20:07:24.094700Z
5566286021,Conversar com Guilherme,,,TRUE,fev. 22,1,,,,,2022-02-04T21:38:54.261311Z,2022-02-22T20:07:24.094700Z
5616615327,Editar convite para Refresh Ana Júlia (03/03),,5381774562,TRUE,,4,,Organizar Refresh Unified,,,2022-02-21T16:10:03.134081Z,2022-02-22T16:41:46.079200Z
5616911254,Enviar Garantia ao TRF1,,,TRUE,fev. 21,1,,,,,2022-02-21T17:37:34.342619Z,2022-02-21T18:43:41.069100Z
5573548535,Conversar com a Renata para o proximo refresh,,5381774562,TRUE,,4,,Organizar Refresh Unified,,,2022-02-07T17:26:27.300772Z,2022-02-21T16:07:27.018500Z
5606344737,Carta de Razoabilidade - SERPRO,,,TRUE,17 fev.,1,,,,,2022-02-17T19:15:53.611324Z,2022-02-18T21:38:22.724000Z
5566501354,Pegar cartão do VR,,,TRUE,7 fev.,4,,,,,2022-02-04T23:53:38.157200Z,2022-02-16T21:53:20.109000Z
5574264935,Reunião - Roberta,,,TRUE,fev. 8 15:00,1,,,,,2022-02-07T21:23:57.898287Z,2022-02-16T21:53:12.907000Z
5486535963,Conversar com Guilherme sobre o segundo Refresh,,5381774562,TRUE,,4,,Organizar Refresh Unified,,,2022-01-10T20:35:53.034853Z,2022-02-07T17:25:58.075200Z
5566279735,Mandar documentos para assinatura,,,TRUE,fev. 7,1,,,,,2022-02-04T21:35:26.362603Z,2022-02-07T15:35:19.032000Z
5566281113,Serpro (fisica),,5566279735,TRUE,,4,,Mandar documentos para assinatura,,,2022-02-04T21:36:10.487928Z,2022-02-07T15:34:57.099200Z
5566280867,Sefaz (assinatra digital),,5566279735,TRUE,,4,,Mandar documentos para assinatura,,,2022-02-04T21:36:03.010859Z,2022-02-07T15:26:53.098000Z
5531022615,Confirmar com o Guilherme se está tudo pronto para a apresentação,,5381587097,TRUE,,4,,Organizar Treinamento de Security,,,2022-01-24T17:23:31.227262Z,2022-01-31T15:11:58.075100Z
5381587097,Organizar Treinamento de Security,,,TRUE,27 jan.,1,,,,,2021-12-02T17:25:25.359225Z,2022-01-31T15:11:58.075100Z
5523168744,Enviar invites,,5381587097,TRUE,,4,,Organizar Treinamento de Security,,,2022-01-21T18:14:50.019111Z,2022-01-24T17:23:13.075300Z
5523168250,"Marcar horario, tamanho da apresentação e convidados",,5381587097,TRUE,,4,,Organizar Treinamento de Security,,,2022-01-21T18:14:40.973144Z,2022-01-24T17:23:06.093000Z
5523176003,Encaminhar documento assinado e comprovante de residência para a DF,,,TRUE,21 jan.,1,,,,,2022-01-21T18:17:50.388932Z,2022-01-21T19:43:30.596000Z
5490704611,Montar apresentação,,5381587097,TRUE,,4,,Organizar Treinamento de Security,,,2022-01-11T20:53:17.008629Z,2022-01-21T18:14:57.711000Z
5490703600,Conversar com CE,,5381587097,TRUE,,4,,Organizar Treinamento de Security,,,2022-01-11T20:53:00.413533Z,2022-01-21T18:14:55.506000Z
5496822873,Projeto NPC - Criar chats com os AEs das contas,,,TRUE,jan. 19,1,,,,,2022-01-13T14:22:40.639802Z,2022-01-21T18:14:02.272000Z
5508234215,Fazer matrícula na Universidade,,,TRUE,jan. 18,1,,,,,2022-01-17T14:41:16.994794Z,2022-01-21T17:34:32.556000Z
5497151828,Falar sobre Round Table de Security,,5497150867,TRUE,,4,,Reunião com Guilherme,,,2022-01-13T15:53:14.564662Z,2022-01-21T17:34:23.469000Z
5497150867,Reunião com Guilherme,,,TRUE,20 jan.,1,,,,,2022-01-13T15:52:57.349025Z,2022-01-21T17:34:23.469000Z
5511795121,Proposta Defensoria,,,TRUE,18 jan.,1,,,,,2022-01-18T14:08:52.245411Z,2022-01-18T22:16:35.022900Z
5512253806,Refresh Unified,,,TRUE,jan. 18,1,,,,,2022-01-18T16:12:19.832481Z,2022-01-18T22:16:34.041400Z
5495955991,Preencher formulários e enviar para a assinatura,,,TRUE,jan. 17,1,,,,,2022-01-13T09:55:11.303633Z,2022-01-17T21:46:26.026600Z
5498166958,Enviar para DF/Ro,,5495955991,TRUE,,4,,Preencher formulários e enviar para a assinatura,,,2022-01-13T20:58:29.670679Z,2022-01-17T21:46:26.026600Z
5498166148,Enviar para a assinatura digital,,5495955991,TRUE,,4,,Preencher formulários e enviar para a assinatura,,,2022-01-13T20:58:10.339304Z,2022-01-17T14:55:12.050600Z
5496814814,Projeto NPC - Solicitar quotas de Unified das contas,,,TRUE,14 jan.,1,,,,,2022-01-13T14:20:00.403772Z,2022-01-14T15:50:20.050400Z
5496818827,Verificar quais contas de Education já estão no USP (pelo TPID),,5496814814,TRUE,,4,,Projeto NPC - Solicitar quotas de Unified das contas,,,2022-01-13T14:21:17.715897Z,2022-01-14T15:50:19.010900Z
5496819751,Enviar e-mail para a Marian para o cadastro das contas no USP,,5496814814,TRUE,,4,,Projeto NPC - Solicitar quotas de Unified das contas,,,2022-01-13T14:21:35.112104Z,2022-01-14T15:50:17.038000Z
5496817551,Enviar e-mail de Unified Manual Pricing para as contas de Health,,5496814814,TRUE,,4,,Projeto NPC - Solicitar quotas de Unified das contas,,,2022-01-13T14:20:52.765435Z,2022-01-14T15:32:48.045900Z
5500190017,Checar Compass de Itau,,,TRUE,14 jan.,2,,,,,2022-01-14T13:27:44.124180Z,2022-01-14T14:26:16.003000Z
5500189235,Responder Milene,,,TRUE,14 jan.,2,,,,,2022-01-14T13:27:28.841117Z,2022-01-14T14:26:14.812000Z
5498165816,Enviar para a aprovação de CELA,,5495955991,TRUE,,4,,Preencher formulários e enviar para a assinatura,,,2022-01-13T20:58:01.800919Z,2022-01-13T20:58:26.117000Z
5498165533,Preencher formulários,,5495955991,TRUE,,4,,Preencher formulários e enviar para a assinatura,,,2022-01-13T20:57:55.206758Z,2022-01-13T20:58:24.873000Z
5497147992,Reforçar sobre o Refresh Unified no ROB,,,TRUE,13 jan.,1,,,,,2022-01-13T15:52:06.868381Z,2022-01-13T17:56:39.678000Z
5472489012,Iniciativa de Suporte,,5472487926,TRUE,,4,,Reunião de Alinhamento com Guilherme,,,2022-01-06T18:55:15.553346Z,2022-01-13T14:18:54.397000Z
5472488555,Projeto NPC,,5472487926,TRUE,,4,,Reunião de Alinhamento com Guilherme,,,2022-01-06T18:55:04.247463Z,2022-01-13T14:18:54.397000Z
5472487926,Reunião de Alinhamento com Guilherme,,,TRUE,jan. 13 10:30,1,,,,,2022-01-06T18:54:48.719563Z,2022-01-13T14:18:54.397000Z
5490707956,Encontrar 5 contas sem penetração de suporte,,,TRUE,jan. 11,1,,,,,2022-01-11T20:54:24.644078Z,2022-01-13T09:54:17.045600Z
5486538386,Conversar com o Vagner sobre apresentação,,5381774562,TRUE,,4,,Organizar Refresh Unified,,,2022-01-10T20:36:18.020367Z,2022-01-11T20:53:38.072900Z
5472485071,Falar com Fabio sobre datas no final de janeiro,,5381587097,TRUE,,4,,Organizar Treinamento de Security,,,2022-01-06T18:53:38.203903Z,2022-01-11T20:52:35.092000Z
5472478777,Marcar recorrência,,5381774562,TRUE,,4,,Organizar Refresh Unified,,,2022-01-06T18:51:15.155244Z,2022-01-10T20:34:58.034800Z
5472479197,Falar sobre o Refresh na ROB,,5381774562,TRUE,,4,,Organizar Refresh Unified,,,2022-01-06T18:51:25.898126Z,2022-01-10T20:34:51.077800Z
5384686972,Conversar com Guilherme e marcar uma call para alinhamento,,5381587097,TRUE,,4,,Organizar Treinamento de Security,,,2021-12-03T18:27:36.500200Z,2022-01-06T18:52:26.027900Z
5362317216,Observar mudanças nos Enrollemnt Numbers do Pipe,,,TRUE,every monday ending 2022-01-01,3,Observar se foram adicionados alguns que faltavam,,,,2021-11-25T19:16:28.111737Z,2021-12-28T18:48:06.041500Z
5362322232,Refresh Unified Session,,,TRUE,every thursday ending 2022-01-01,1,,,,,2021-11-25T19:18:54.372787Z,2021-12-28T17:54:05.067800Z
5411465780,Cancelar/confirmar cancenlamento das sessões do dia 23 e 30,,5381774562,TRUE,,4,,Organizar Refresh Unified,,,2021-12-13T19:05:13.934206Z,2021-12-28T17:53:10.013500Z
5378651838,1:1 - Marcelo Galvani (BizzApps),,,TRUE,dez. 17 12:00,1,,,,,2021-12-01T18:50:50.075222Z,2021-12-28T17:52:22.083900Z
5417312275,Montar template da Carta de Razoabilidade - Prodesp,,,TRUE,dez. 15,1,,,,,2021-12-15T17:15:03.446410Z,2021-12-15T18:33:05.026100Z
5381596775,Conversar com Fabio a respeito e combinar uma data,,5381587097,TRUE,,4,,Organizar Treinamento de Security,,,2021-12-02T17:29:12.259142Z,2021-12-15T17:09:41.022800Z
5378648210,1:1 - Fabio Gaspar (Security),,,TRUE,dez. 15 10:00,1,,,,,2021-12-01T18:49:32.691727Z,2021-12-15T17:08:41.098700Z
5411336831,Checar com a Renata se dia 23 e 30 terá normalmente,,5381774562,TRUE,,4,,Organizar Refresh Unified,,,2021-12-13T18:18:51.116891Z,2021-12-13T19:04:46.020600Z
5411108596,Mandar email orientador,,,TRUE,dez. 13,2,Enviar TCC I e perguntar até quando vai a agenda,,,,2021-12-13T17:08:47.646328Z,2021-12-13T17:31:45.025700Z
5401404636,Fazer bilhetinhos,,5401403617,TRUE,,4,,Terminar de Montar o Presente da Sofia,,,2021-12-09T20:02:39.001879Z,2021-12-13T14:56:40.068500Z
5401404765,Comprar embrulho,,5401403617,TRUE,,4,,Terminar de Montar o Presente da Sofia,,,2021-12-09T20:02:43.263903Z,2021-12-13T14:56:40.068500Z
5401407233,Embrulhar,,5401403617,TRUE,,4,,Terminar de Montar o Presente da Sofia,,,2021-12-09T20:03:43.414527Z,2021-12-13T14:56:40.068500Z
5401403617,Terminar de Montar o Presente da Sofia,,,TRUE,dez. 9,1,,,,,2021-12-09T20:02:14.315861Z,2021-12-13T14:56:40.068500Z
5401406534,Escrever recado para o evelope,,5401403617,TRUE,,4,,Terminar de Montar o Presente da Sofia,,,2021-12-09T20:03:23.665573Z,2021-12-13T14:56:40.068500Z
5384684673,Ver com a Renata se a próxima semana será com o Wagner,,5381774562,TRUE,,4,,Organizar Refresh Unified,,,2021-12-03T18:26:41.515326Z,2021-12-09T19:59:58.064400Z
5400615483,Subir Connect na plataforma,,,TRUE,dez. 9,1,,,,,2021-12-09T15:13:50.195816Z,2021-12-09T18:59:19.016300Z
5399067694,Segundo Connect,,,TRUE,dez. 9 11:15,1,,,,,2021-12-09T02:42:55.137096Z,2021-12-09T15:13:24.066600Z
5384836344,Organizar Connect,,,TRUE,dez. 8,1,,,,,2021-12-03T19:40:08.886057Z,2021-12-09T08:00:16.004800Z
5398628627,Completar cursos obrigatórios do MS Learning,,,TRUE,dez. 8,1,,,,,2021-12-08T21:52:25.769130Z,2021-12-08T22:31:02.073800Z
5398523759,Criar novo pacote para Compass da Defensoria,,,TRUE,dez. 8,1,,,,,2021-12-08T21:02:19.218549Z,2021-12-08T21:33:40.095900Z
5378832518,1:1 - Renata Faro,,,TRUE,7 dez. 11:30,1,,,,,2021-12-01T19:56:13.629119Z,2021-12-07T14:55:58.824000Z
5339063366,Estudar prova TC,,,TRUE,dez. 6,3,,,,,2021-11-17T17:48:20.540624Z,2021-12-06T23:17:24.080500Z
5357268380,Prova Sub - Teoria da Computação,,,TRUE,dez. 6 19:30,1,,,,,2021-11-24T02:10:50.357952Z,2021-12-06T23:17:23.048100Z
5384683875,Enviar email ao time sobre o tema e pedindo sugestões,,5381774562,TRUE,,4,,Organizar Refresh Unified,,,2021-12-03T18:26:23.839903Z,2021-12-06T19:18:18.030500Z
5384683256,Conversar com Roberta e Ana sobre apresentação sobre Multicountry e Multiyear,,5381774562,TRUE,,4,,Organizar Refresh Unified,,,2021-12-03T18:26:03.816173Z,2021-12-06T18:03:41.082600Z
5378934969,Editar pacotes da proposta - C&A (Aguardando Escopo),,,TRUE,dez. 3,1,,,,,2021-12-01T20:37:21.194685Z,2021-12-03T18:23:04.364000Z
5382843834,Explicar racional ao Cris e fazer perguntas,,5378934969,TRUE,,4,,Editar pacotes da proposta - C&A (Aguardando Escopo),,,2021-12-03T05:11:33.532453Z,2021-12-03T18:23:02.934000Z
5381699150,Reunião de Pipe,,,TRUE,dez. 3 13:30,1,,,,,2021-12-02T18:08:12.763940Z,2021-12-03T18:22:59.110000Z
5378936734,Editar proposta C&A,,5378934969,TRUE,,4,,Editar pacotes da proposta - C&A (Aguardando Escopo),,,2021-12-01T20:38:00.439085Z,2021-12-03T05:11:17.013000Z
5378935361,Editar compass C&A,,5378934969,TRUE,,4,,Editar pacotes da proposta - C&A (Aguardando Escopo),,,2021-12-01T20:37:30.228663Z,2021-12-03T05:11:16.003900Z
5381846602,Enviar DOCs ao Cris,,,TRUE,dez. 2,3,,,,,2021-12-02T19:06:24.547817Z,2021-12-02T19:27:46.056000Z
5381589880,Conversar com Rapha e ver se ele topa dar um overview sobre a base do Unified e mostrar porquê devem ser incluídos Add-ons,,5381587097,TRUE,,4,,Organizar Treinamento de Security,,,2021-12-02T17:26:29.283309Z,2021-12-02T19:18:37.026100Z
5376515223,Comprar presente de aniversário da Sofia,,,TRUE,1 dez.,1,,,,,2021-12-01T05:12:32.319185Z,2021-12-02T05:18:20.712000Z
5379016225,Pedir escopo ao CSAM,,5378934969,TRUE,,4,,Editar pacotes da proposta - C&A (Aguardando Escopo),,,2021-12-01T21:10:38.639225Z,2021-12-01T21:10:39.085400Z
5378898316,Enviar CNDs ao Angelo,,,TRUE,1 dez.,1,,,,,2021-12-01T20:22:13.114122Z,2021-12-01T21:10:14.044800Z
5378360111,Conversar com Cris - C&A,,,TRUE,dez. 1,1,,,,,2021-12-01T17:05:51.299975Z,2021-12-01T20:37:02.065600Z
5378358965,Reunião Transição Unified - VLI,,,TRUE,dez. 1 14:00,1,,,,,2021-12-01T17:05:26.841124Z,2021-12-01T18:35:17.019800Z
5374867503,Juntar Docs para renovação BrasilSeg,,,TRUE,dez. 1,1,,,,,2021-11-30T16:10:58.969829Z,2021-12-01T17:10:39.011000Z
5375365836,Enviar doc assinado na thread do email,,5374867503,TRUE,,4,,Juntar Docs para renovação BrasilSeg,,,2021-11-30T18:57:24.540114Z,2021-12-01T17:10:32.033100Z
5374868586,Enviar doc para Renata assinar,,5374867503,TRUE,,4,,Juntar Docs para renovação BrasilSeg,,,2021-11-30T16:11:20.363480Z,2021-12-01T16:02:40.783000Z
5353045242,Agendar horário com managers,,,TRUE,1 dez.,1,,,,,2021-11-22T18:32:45.883190Z,2021-12-01T15:57:23.040200Z
5376510821,Marcelo Galvani,,5353045242,TRUE,,4,,Agendar horário com managers,,,2021-12-01T05:09:10.429686Z,2021-12-01T15:57:21.090700Z
5376510740,Fabio Gaspar,,5353045242,TRUE,,4,,Agendar horário com managers,,,2021-12-01T05:09:06.703941Z,2021-12-01T15:57:20.069800Z
5374868919,Preencher infos,,5374867503,TRUE,,4,,Juntar Docs para renovação BrasilSeg,,,2021-11-30T16:11:27.635204Z,2021-11-30T18:45:46.696000Z
5374868248,Enviar e-mail para CELA validar doc,,5374867503,TRUE,,4,,Juntar Docs para renovação BrasilSeg,,,2021-11-30T16:11:14.562385Z,2021-11-30T18:45:45.328000Z
5374865371,Fazer Carta de Concordância - PS,,,TRUE,nov. 30,1,,,,,2021-11-30T16:10:18.677245Z,2021-11-30T17:09:44.059900Z
5350329566,Montar roteiro 1:1s,,,TRUE,nov. 29,3,,,,,2021-11-22T01:09:15.307311Z,2021-11-29T19:34:34.053200Z
5350331690,Resumir pontos de foco do estágio da Ms,,,TRUE,nov. 26,2,,,,,2021-11-22T01:10:36.307819Z,2021-11-27T04:31:50.067800Z
5364873753,Atualizar proposta C&A,,,TRUE,nov. 26,1,,,,,2021-11-26T20:42:01.068753Z,2021-11-26T23:07:14.081100Z
5357034616,Reunião sobre proposta C&A,,,TRUE,nov. 26 16:00,1,,,,,2021-11-23T23:28:50.697154Z,2021-11-26T20:41:41.000600Z
5339063078,Estudar prova TC,,,TRUE,nov. 25,3,,,,,2021-11-17T17:48:14.315876Z,2021-11-26T00:51:16.951000Z
5320203346,Prova de Teoria da Computação,,,TRUE,nov. 25 19:40,1,,,,,2021-11-11T02:17:18.810892Z,2021-11-26T00:51:15.804000Z
5320163049,Completar o depara de Contratos Expirando e Oportunidades do CRM,,,TRUE,nov. 25,1,,,,,2021-11-11T01:45:06.487347Z,2021-11-25T19:15:33.035800Z
5336464221,Tarefa de IA - Deep Learning (para dia seguinte),,,TRUE,nov. 25,4,,,,,2021-11-16T22:42:48.130419Z,2021-11-25T03:15:08.334000Z
5339062134,Estudar prova CV,,,TRUE,nov. 24,1,,,,,2021-11-17T17:47:53.245149Z,2021-11-24T23:47:50.625000Z
5339438767,Prova de Computação Visual,,,TRUE,nov. 24 20:00,1,,,,,2021-11-17T20:08:08.937972Z,2021-11-24T23:47:48.890000Z
5358948008,Solicitar Carta-Garantia da Prodabel,,,TRUE,nov. 24,1,,,,,2021-11-24T15:27:54.859939Z,2021-11-24T16:31:14.039000Z
5357267002,Responder e-mail sobre Carta-Fiança BACEN 2010,,,TRUE,nov. 24,2,,,,,2021-11-24T02:10:04.983191Z,2021-11-24T15:37:00.008500Z
5320201871,Prova de Inteligência Artificial,,,TRUE,nov. 23 19:40,1,,,,,2021-11-11T02:16:01.593446Z,2021-11-23T23:27:03.025300Z
5339060719,Estudar prova IA,,,TRUE,nov. 23,1,,,,,2021-11-17T17:47:24.213080Z,2021-11-23T23:27:02.013100Z
5355616166,Mandar email proposta C&A,,,TRUE,nov. 23,2,,,,,2021-11-23T14:31:30.539595Z,2021-11-23T14:52:15.098100Z
5345265834,Enviar e-mail para Bacen sobre Carta-Fiança com prazo indeterminado,,,TRUE,22 nov.,2,,,,,2021-11-19T17:33:37.159406Z,2021-11-22T18:06:33.011600Z
5352420314,Trocar o TPID da oportunidade da Controladoria Geral da União no CRM,,,TRUE,nov. 22,3,,,,,2021-11-22T15:33:52.428240Z,2021-11-22T15:37:12.052000Z
5345531003,Subir no compass e enviar para o Cris,,5345262475,TRUE,,4,,Editar proposta para C&A/SoftwareOne,,,2021-11-19T19:18:58.430262Z,2021-11-19T22:19:55.942000Z
5345262475,Editar proposta para C&A/SoftwareOne,,,TRUE,nov. 19,1,,,,,2021-11-19T17:32:16.918199Z,2021-11-19T22:19:55.942000Z
5342252556,Reunião alinhamento TJ,,,TRUE,19 nov. 16:00,3,,,,,2021-11-18T17:37:59.213032Z,2021-11-19T19:28:06.016300Z
5320196734,Tarefa de Computação Visual - Contagem de Modeas (para domingo seguinte),,,TRUE,nov. 19,1,,,,,2021-11-11T02:11:47.558326Z,2021-11-19T18:36:05.026600Z
5342383544,Reunião alinhamento C&A,,,TRUE,nov. 19 13:30,1,,,,,2021-11-18T18:28:14.776183Z,2021-11-19T17:31:03.000700Z
5342252540,Reunião alinhamento TJ,,,TRUE,18 nov. 17:00,3,,,,,2021-11-18T17:37:58.832281Z,2021-11-18T21:26:57.446000Z
5342252529,Reunião Refresh Unified,,,TRUE,18 nov. 15:00,2,,,,,2021-11-18T17:37:58.370548Z,2021-11-18T19:43:34.199000Z
5341896560,Enviar doc de IBGE para Renata assinar digitalmente,,,TRUE,18 nov.,1,,,,,2021-11-18T15:41:46.785531Z,2021-11-18T16:54:35.094300Z
5341897831,Conversar com Cris sobre C&A,,,TRUE,18 nov.,3,,,,,2021-11-18T15:42:11.826850Z,2021-11-18T15:58:42.009000Z
5320184008,Reunião sobre Carta Garantia BACEN 2010 (carta com prazo indeterminado),,,TRUE,nov. 17 17:30,2,,,,,2021-11-11T02:00:57.024090Z,2021-11-17T21:05:22.055400Z
5322148757,Reunião de Pipe e Right Sizing,,,TRUE,nov. 17 14:00,1,,,,,2021-11-11T17:15:09.093039Z,2021-11-17T17:25:58.051200Z
5336452150,Pedir a Ana proposta feita a IOCHPE em 2020,,,TRUE,nov. 17,3,,,,,2021-11-16T22:36:34.415375Z,2021-11-17T16:25:27.631000Z
5336455538,Tarefa de IA - SVM (para dia seguinte),,,TRUE,nov. 18,1,,,,,2021-11-16T22:38:19.648339Z,2021-11-17T04:55:44.081800Z
5320194193,Tarefa de Computação Visual - Análise de um artigo sobre CV (para dia seguinte),,,TRUE,nov. 16,1,,,,,2021-11-11T02:09:38.985130Z,2021-11-17T02:39:23.018500Z
5320208977,Prova ENADE,,,TRUE,nov. 14 12:00,1,,,,,2021-11-11T02:22:06.689403Z,2021-11-16T22:35:14.064200Z
5320210132,Prova Integrada (Nota de Participação),,,TRUE,nov. 11 19:00,1,,,,,2021-11-11T02:23:03.936241Z,2021-11-11T23:52:39.081100Z
5320062865,Marcar reunião com Thiago sobre fonte de dados para a planilha de Right Sizing,,,TRUE,nov. 11,3,,,,,2021-11-11T00:31:10.768962Z,2021-11-11T17:16:25.092400Z
5320066700,Enviar Certidões da MS para o Angelo,,,TRUE,nov. 11,3,,,,,2021-11-11T00:34:04.985586Z,2021-11-11T17:10:15.009800Z
4933249019,Organizar pastas do 6 semestre da Universidade,,,TRUE,jun. 23,1,,,,,2021-06-22T23:15:16.494178Z,2021-06-24T01:04:05.090600Z
4935668188,IHC,,4933249019,TRUE,,4,,Organizar pastas do 6 semestre da Universidade,,,2021-06-23T17:34:24.812178Z,2021-06-24T01:04:04.099000Z
4935668118,Grafos,,4933249019,TRUE,,4,,Organizar pastas do 6 semestre da Universidade,,,2021-06-23T17:34:22.156293Z,2021-06-24T00:13:40.056500Z
4935668383,Metodologia,,4933249019,TRUE,,4,,Organizar pastas do 6 semestre da Universidade,,,2021-06-23T17:34:29.737260Z,2021-06-24T00:04:22.093500Z
4933245220,Ligar AAE Mackenzie para perguntar sobre TCE,,,TRUE,jun. 23,1,,,,,2021-06-22T23:12:18.278502Z,2021-06-23T23:21:59.097600Z
4935668586,Lab. Soft,,4933249019,TRUE,,4,,Organizar pastas do 6 semestre da Universidade,,,2021-06-23T17:34:35.186505Z,2021-06-23T19:09:48.078800Z
4935668048,Comp. Dist.,,4933249019,TRUE,,4,,Organizar pastas do 6 semestre da Universidade,,,2021-06-23T17:34:20.134521Z,2021-06-23T19:00:57.001700Z
4935667831,Compiladores,,4933249019,TRUE,,4,,Organizar pastas do 6 semestre da Universidade,,,2021-06-23T17:34:14.292365Z,2021-06-23T17:55:17.091800Z
4891912738,Ir no mercado,,,TRUE,jun. 11,1,,,,,2021-06-07T22:58:03.818894Z,2021-06-22T23:10:32.062700Z
4899185149,Massa de pizza,,4891912738,TRUE,,4,,Ir no mercado,,,2021-06-10T06:14:53.670755Z,2021-06-22T23:10:30.080200Z
4891913491,Creme de leite,,4891912738,TRUE,,4,,Ir no mercado,,,2021-06-07T22:58:37.581879Z,2021-06-11T18:15:27.641000Z
4891915112,Batata,,4891912738,TRUE,,4,,Ir no mercado,,,2021-06-07T22:59:37.277000Z,2021-06-11T18:15:26.388000Z
4891915033,Pão especial,,4891912738,TRUE,,4,,Ir no mercado,,,2021-06-07T22:59:34.238676Z,2021-06-11T18:03:43.760000Z
4891913223,Mistura de queijo para fondue,,4891912738,TRUE,,4,,Ir no mercado,,,2021-06-07T22:58:23.840086Z,2021-06-11T18:03:42.478000Z
4891914287,Cerveja especial,,4891912738,TRUE,,4,,Ir no mercado,,,2021-06-07T22:59:08.149623Z,2021-06-11T17:55:36.176000Z
4849331323,Parte de Marketing e Vendas - Proj. Empreend.,,,TRUE,10 jun.,1,,,,,2021-05-23T03:49:13.270274Z,2021-06-10T21:46:46.887000Z
4899184195,Responder e-mail sobre documentação de estágio para Microsoft,,,TRUE,jun. 10,1,,,,,2021-06-10T06:14:23.066343Z,2021-06-10T16:28:17.245000Z
4891392205,Comprar embrulho de presente,,,TRUE,9 jun.,1,,,,,2021-06-07T19:03:39.362722Z,2021-06-10T06:13:36.077000Z
4891382863,Enviar Documentos de Estágio assinados,,,TRUE,14 jun.,1,,,,,2021-06-07T19:00:01.969173Z,2021-06-10T06:13:25.081100Z
4894895265,Enviar TRE a Syngenta,,4891382863,TRUE,,4,,Enviar Documentos de Estágio assinados,,,2021-06-08T18:21:57.396197Z,2021-06-10T06:13:25.007600Z
4894960513,Enviar RAs + TCE no moodle,,4891382863,TRUE,,4,,Enviar Documentos de Estágio assinados,,,2021-06-08T18:47:52.651811Z,2021-06-08T21:51:04.016900Z
4894895047,Enviar RA a Syngenta / Nube,,4891382863,TRUE,,4,,Enviar Documentos de Estágio assinados,,,2021-06-08T18:21:51.949217Z,2021-06-08T21:51:01.099900Z
4815720456,Enviar os RA2 e TCE no Moodle,,4813708823,TRUE,,4,,Estágio Obrigatório,,,2021-05-10T17:13:16.790598Z,2021-06-08T18:47:36.021700Z
4813712363,Criar assinatura eletrônica para RA2 e enviar para o Fede,,4813708823,TRUE,,4,,Estágio Obrigatório,,,2021-05-10T05:49:21.263980Z,2021-06-08T18:47:36.021700Z
4813708823,Estágio Obrigatório,,,TRUE,14 jun.,1,,,,,2021-05-10T05:47:26.480889Z,2021-06-08T18:47:36.021700Z
4813711687,Conversar com Fede sobre Avaliação do RA2,,4813708823,TRUE,,4,,Estágio Obrigatório,,,2021-05-10T05:48:58.862814Z,2021-06-08T18:47:30.084700Z
4891969853,Para FCI (Professora Maria Amelia),,4891382863,TRUE,,4,,Enviar Documentos de Estágio assinados,,,2021-06-07T23:35:00.658181Z,2021-06-08T18:21:27.660000Z
4892164208,Conseguir assinatura digital do Fede para o RAA de 2020.2,,4891382863,TRUE,,4,,Enviar Documentos de Estágio assinados,,,2021-06-08T01:38:20.448000Z,2021-06-08T18:21:26.259000Z
4886251858,Exame médico demissional,,,TRUE,8 jun. 11:30,1,,,,,2021-06-05T21:07:08.805772Z,2021-06-08T18:21:21.147000Z
4891383418,Para Mackenzie,,4891382863,TRUE,,4,,Enviar Documentos de Estágio assinados,,,2021-06-07T19:00:13.705664Z,2021-06-08T00:31:33.036800Z
4891383199,Para Syngenta,,4891382863,TRUE,,4,,Enviar Documentos de Estágio assinados,,,2021-06-07T19:00:09.015013Z,2021-06-07T23:35:13.082100Z
4886250908,Conseguir assinatura e avaliação do Henrique para TRE,,,TRUE,7 jun.,1,,,,,2021-06-05T21:06:15.941688Z,2021-06-07T18:59:35.555000Z
4886250441,Devolver notebook Syngenta,,,TRUE,7 jun.,1,,,,,2021-06-05T21:05:53.414231Z,2021-06-07T18:59:33.220000Z
4824579328,Projeto Compilador - Mini Pascal,,,TRUE,3 jun.,1,,,,,2021-05-13T15:43:59.506325Z,2021-06-05T21:05:20.105000Z
4863618354,Prova P2P - Comp. Dist.,,,TRUE,2 jun.,1,,,,,2021-05-28T03:00:02.121089Z,2021-06-03T02:49:39.005000Z
4835426312,Tarefa de Deploy na Nuvem - DevOps,,,TRUE,28 mai.,1,,,,,2021-05-17T23:20:10.923419Z,2021-06-01T06:03:57.644000Z
4863617915,Vídeo IOT - Comp. Dist,,,TRUE,mai. 31,1,,,,,2021-05-28T02:59:35.944547Z,2021-06-01T06:03:55.232000Z
4701698732,Fazer Imposto de Renda,,,TRUE,mai. 30,1,,,,,2021-03-30T04:08:02.378129Z,2021-05-31T08:02:56.479000Z
4854072166,Prova Grafos,,,TRUE,mai. 28,1,,,,,2021-05-24T23:17:43.245916Z,2021-05-28T21:01:11.572000Z
4848644909,Tarefa de Timeline + Video Whatsapp - Comp. Dist.,,,TRUE,mai. 27,1,,,,,2021-05-22T16:30:26.544472Z,2021-05-28T01:38:32.048300Z
4824581585,Prova Compiladores,,,TRUE,27 mai. 07:30,1,,,,,2021-05-13T15:44:55.645860Z,2021-05-27T12:12:59.027800Z
4854072852,Reunião de Handover Macros,,,TRUE,mai. 26,1,,,,,2021-05-24T23:18:09.389119Z,2021-05-27T00:31:18.996000Z
4815668795,Organizar Macros Syngenta,,,TRUE,mai. 25,2,,,,,2021-05-10T16:54:49.404159Z,2021-05-26T06:26:13.096000Z
4815669439,Organizar e testar todas em um único local,,4815668795,TRUE,,4,,Organizar Macros Syngenta,,,2021-05-10T16:55:01.849452Z,2021-05-26T06:26:13.096000Z
4815669677,Organizar passo a passo de uso para cada uma,,4815668795,TRUE,,4,,Organizar Macros Syngenta,,,2021-05-10T16:55:07.829327Z,2021-05-26T06:26:13.096000Z
4815671783,Organizar passo a passo de instalação para cada uma,,4815668795,TRUE,,4,,Organizar Macros Syngenta,,,2021-05-10T16:55:53.962112Z,2021-05-26T06:26:13.096000Z
4849330195,Mandar email sobre TCE para FCI,,,TRUE,mai. 25,1,,,,,2021-05-23T03:47:37.144924Z,2021-05-25T19:24:46.529000Z
4854074737,Perguntar a professor de Grafos motivo da nota do trabalho,,,TRUE,mai. 25,3,,,,,2021-05-24T23:19:18.409226Z,2021-05-25T14:55:32.028000Z
4849330398,Prova IHC,,,TRUE,24 mai.,1,,,,,2021-05-23T03:47:56.440456Z,2021-05-24T20:27:11.327000Z
4824574089,Testes de Usuários e análise final - Projeto IHC,,,TRUE,22 mai.,1,,,,,2021-05-13T15:41:56.629524Z,2021-05-23T03:47:00.903000Z
4835200696,Exame Médico Admissional,,,TRUE,mai. 19 15:00,1,,,,,2021-05-17T21:11:04.903340Z,2021-05-19T21:51:57.034000Z
4824558531,Infográfico XaaS - Comp. Dist.,,,TRUE,18 mai.,3,,,,,2021-05-13T15:35:49.728305Z,2021-05-19T07:35:41.408000Z
4809142151,Tarefa de Microserviços - Comp. Dist.,,,TRUE,17 mai.,2,,,,,2021-05-07T19:01:58.360171Z,2021-05-18T03:22:02.345000Z
4832604517,Marcar exame médico para MS,,,TRUE,17 mai.,1,,,,,2021-05-17T06:27:45.720554Z,2021-05-17T21:10:17.099800Z
4815695750,Tarefa de Pipeline - DevOps,,,TRUE,16 mai.,2,,,,,2021-05-10T17:04:24.945397Z,2021-05-17T06:25:30.552000Z
4813719883,Gravar Pitch de Empreendedorismo,,,TRUE,13 mai.,2,,,,,2021-05-10T05:52:59.897151Z,2021-05-13T23:31:44.379000Z
4815692958,Analisar budget - Aimar,,,TRUE,mai. 13,4,,,,,2021-05-10T17:03:21.240423Z,2021-05-13T15:33:31.503000Z
4816988429,Subir protocolos de Cana para o Trialist,,,TRUE,17 mai.,3,,,,,2021-05-11T03:56:15.073088Z,2021-05-13T13:42:51.539000Z
4816988572,2,,4816988429,TRUE,,4,,Subir protocolos de Cana para o Trialist,,,2021-05-11T03:56:22.172533Z,2021-05-13T13:42:50.089000Z
4816988540,1,,4816988429,TRUE,,4,,Subir protocolos de Cana para o Trialist,,,2021-05-11T03:56:20.571188Z,2021-05-13T13:42:47.686000Z
4813710566,Enviar o TRE para a Área Administrativa de Estágio,,4813708823,TRUE,,4,,Estágio Obrigatório,,,2021-05-10T05:48:22.233997Z,2021-05-11T17:33:01.779000Z
4813709732,Conseguir assinatura do gestor para o TRE,,4813708823,TRUE,,4,,Estágio Obrigatório,,,2021-05-10T05:47:56.048215Z,2021-05-11T16:51:32.931000Z
4813714933,Criar e mandar PDF assinável para o Henrique,,4813708823,TRUE,,4,,Estágio Obrigatório,,,2021-05-10T05:50:32.006656Z,2021-05-11T16:44:16.032000Z
4796827436,Analisar gastos de Depreciação - Jonatha,,,TRUE,10 mai.,3,,,,,2021-05-03T18:24:40.600126Z,2021-05-10T23:23:04.013200Z
4813711305,Enviar e-mail para Paola sobre o TCE e horários,,4813708823,TRUE,,4,,Estágio Obrigatório,,,2021-05-10T05:48:46.931621Z,2021-05-10T21:21:36.001700Z
4813721083,Enviar e-mail para a Area de Estágios tirando as dúvidas,,4813708823,TRUE,,4,,Estágio Obrigatório,,,2021-05-10T05:53:35.148258Z,2021-05-10T17:12:42.039100Z
4813716873,Conversar com Henrique sobre MS,,4813708823,TRUE,,4,,Estágio Obrigatório,,,2021-05-10T05:51:31.496877Z,2021-05-10T16:38:55.190000Z
4813717609,Conversar com a Traive sobre a MS,,4813708823,TRUE,,4,,Estágio Obrigatório,,,2021-05-10T05:51:54.165778Z,2021-05-10T15:30:11.650000Z
4809127580,Projeto Kruskal - Grafos,,,TRUE,mai. 7,1,,,,,2021-05-07T18:54:33.880099Z,2021-05-08T00:24:23.015600Z
4797046140,Subir protocolos de Trigo para o Trialist,,,TRUE,7 mai.,2,,,,,2021-05-03T19:47:50.011366Z,2021-05-07T18:38:47.579000Z
4797047200,FUTR 2021_04,,4797046140,TRUE,,4,,Subir protocolos de Trigo para o Trialist,,,2021-05-03T19:48:15.714886Z,2021-05-07T18:38:45.706000Z
4797046982,FUTR 2021_03,,4797046140,TRUE,,4,,Subir protocolos de Trigo para o Trialist,,,2021-05-03T19:48:11.676969Z,2021-05-07T18:38:44.551000Z
4797046879,FUTR 2021_02,,4797046140,TRUE,,4,,Subir protocolos de Trigo para o Trialist,,,2021-05-03T19:48:08.599869Z,2021-05-07T18:38:44.196000Z
4808698838,Consertar macro de IN42,,,TRUE,7 mai.,1,,,,,2021-05-07T15:43:52.564964Z,2021-05-07T17:04:46.094000Z
4808699698,Protocolos com código acima de 9999,,4808698838,TRUE,,4,,Consertar macro de IN42,,,2021-05-07T15:44:13.863415Z,2021-05-07T17:04:46.094000Z
4808699218,Planilha de Produtos,,4808698838,TRUE,,4,,Consertar macro de IN42,,,2021-05-07T15:44:03.535207Z,2021-05-07T16:56:09.093000Z
4797043578,Avaliação Individual Heurística - IHC,,,TRUE,mai. 6,1,,,,,2021-05-03T19:46:46.667747Z,2021-05-07T15:43:18.169000Z
4806586239,Analisar,,4797043578,TRUE,,4,,Avaliação Individual Heurística - IHC,,,2021-05-06T21:25:52.999485Z,2021-05-07T15:43:15.570000Z
4797046663,FUTR 2021_01,,4797046140,TRUE,,4,,Subir protocolos de Trigo para o Trialist,,,2021-05-03T19:48:03.187282Z,2021-05-06T22:41:16.831000Z
4806586028,Mandar fichas,,4797043578,TRUE,,4,,Avaliação Individual Heurística - IHC,,,2021-05-06T21:25:47.674757Z,2021-05-06T22:41:06.255000Z
4597075435,Mandar cadernos de campo para os DTMs,,,TRUE,every 2th ending 2021-06-01,2,,,,,2021-02-20T22:06:59.546177Z,2021-05-05T18:57:35.680000Z
4780832688,Analisar Budget Aimar,,,TRUE,mai. 5,2,,,,,2021-04-27T18:25:51.578742Z,2021-05-05T01:50:21.193000Z
4797047794,HETR 2021_01,,4797046140,TRUE,,4,,Subir protocolos de Trigo para o Trialist,,,2021-05-03T19:48:29.419362Z,2021-05-04T21:59:52.687000Z
4797048288,TSTR 2021_01,,4797046140,TRUE,,4,,Subir protocolos de Trigo para o Trialist,,,2021-05-03T19:48:40.670545Z,2021-05-04T21:59:51.494000Z
4786342416,Analisar gastos de Unicampo - Jonatha,,,TRUE,mai. 5,2,,,,,2021-04-29T14:35:11.890528Z,2021-05-04T21:56:53.473000Z
4781877365,Atividade de Grafos - BFS,,,TRUE,mai. 3,1,,,,,2021-04-28T04:47:28.593586Z,2021-05-03T23:47:59.037100Z
4792373981,Atividade de Integração Contínua - DevOps,,,TRUE,mai. 2,1,,,,,2021-05-02T01:49:21.139787Z,2021-05-03T19:43:37.010900Z
4757249266,Protótipo de Tela - IHC,,,TRUE,abr. 29,2,,,,,2021-04-19T13:15:20.676088Z,2021-05-02T01:47:12.030300Z
4786189208,Reunião TCC,,,TRUE,abr. 29 12:00,1,,,,,2021-04-29T13:47:02.784910Z,2021-04-29T16:28:41.036000Z
4786341564,Tarefa Comp Dist,,,TRUE,abr. 29,2,,,,,2021-04-29T14:34:51.944736Z,2021-04-29T14:57:11.008400Z
4780439637,Extrair protocolos no Trialist,,,TRUE,abr. 27,1,,,,,2021-04-27T15:56:14.136399Z,2021-04-27T17:40:36.014000Z
4757325360,Subir protocolos no Trialist,,,TRUE,abr. 26,1,,,,,2021-04-19T13:35:41.414426Z,2021-04-26T22:30:40.475000Z
4757326931,INCA 2021_11 CODE,,4757325360,TRUE,,4,,Subir protocolos no Trialist,,,2021-04-19T13:36:07.967513Z,2021-04-26T22:30:39.567000Z
4757326634,INCA 2021_10 CODE,,4757325360,TRUE,,4,,Subir protocolos no Trialist,,,2021-04-19T13:36:02.993421Z,2021-04-26T22:09:27.023500Z
4768014947,FUSO 2021_02 A (3),,4757325360,TRUE,,4,,Subir protocolos no Trialist,,,2021-04-22T20:50:32.916737Z,2021-04-23T19:07:36.016800Z
4768016589,"Consertar macro de Conversão Qlik (Suportar áreas com ""Brazil"")",,,TRUE,abr. 23,1,,,,,2021-04-22T20:51:20.245504Z,2021-04-23T18:27:31.072900Z
4767046439,Conversa com a Traive,,,TRUE,abr. 22 18:00,1,,,,,2021-04-22T14:33:29.063289Z,2021-04-23T01:45:33.186000Z
4762013701,Fazer script para planilha de Rentabilidade,,,TRUE,22 abr.,1,,,,,2021-04-20T21:58:10.494005Z,2021-04-22T19:35:40.335000Z
4757376654,Prova Comp. Distribuída,,,TRUE,abr. 20,1,,,,,2021-04-19T13:49:08.029526Z,2021-04-22T01:16:07.085400Z
4761211446,Arrumar macro de exportação - Trialist,,,TRUE,abr. 20,1,,,,,2021-04-20T16:25:45.823821Z,2021-04-20T21:22:15.364000Z
4761211995,Exportar protocolos,,4761211446,TRUE,,4,,Arrumar macro de exportação - Trialist,,,2021-04-20T16:25:56.439513Z,2021-04-20T21:22:14.070000Z
4761211775,Ajeitar macro,,4761211446,TRUE,,4,,Arrumar macro de exportação - Trialist,,,2021-04-20T16:25:52.363570Z,2021-04-20T21:22:11.335000Z
4757242592,Reunião BGT - Novo estag,,,TRUE,abr. 20 17:00,1,,,,,2021-04-19T13:13:21.416871Z,2021-04-20T21:22:02.118000Z
4757240331,Prova IHC,,,TRUE,abr. 19,1,,,,,2021-04-19T13:12:41.701307Z,2021-04-20T04:59:59.060900Z
4757910394,FUSO 2021_02 CODE,,4757325360,TRUE,,4,,Subir protocolos no Trialist,,,2021-04-19T16:13:09.780981Z,2021-04-19T19:05:52.033400Z
4672017648,Projeto 1 Parte 2 - IHC,,,TRUE,16 abr.,1,,,,,2021-03-19T06:26:29.159607Z,2021-04-19T13:12:17.076800Z
4746950878,Entrevista Traive,,,TRUE,15 abr. 19:15,2,,,,,2021-04-15T11:30:03.518393Z,2021-04-16T04:22:36.876000Z
4739343085,Conversar com estagiário MT sobre BGT,,,TRUE,15 abr.,2,,,,,2021-04-12T23:16:21.391538Z,2021-04-15T19:30:06.080300Z
4746949329,Reunião Dúvidas Momentos de Campo,,,TRUE,15 abr. 13:00,1,,,,,2021-04-15T11:29:21.580824Z,2021-04-15T19:21:52.024500Z
4746795265,Prova Comoiladores,,,TRUE,15 abr.,1,,,,,2021-04-15T10:24:34.761277Z,2021-04-15T11:20:42.178000Z
4744043221,Prova Grafos,,,TRUE,abr. 14,1,,,,,2021-04-14T12:28:11.101400Z,2021-04-15T04:33:15.079900Z
4744893966,Mandar Protocolos Qlik para o Tanaka,,,TRUE,abr. 14,2,,,,,2021-04-14T17:15:15.844091Z,2021-04-14T20:24:56.469000Z
4650945424,Projeto 1 - Compiladores,,,TRUE,abr. 13,1,,,,,2021-03-11T16:41:09.074959Z,2021-04-14T02:07:40.053700Z
4739340922,Cobrar Jonatha sobre dados para Reporte de Ações de Seedcare,,,TRUE,abr. 13,3,,,,,2021-04-12T23:14:57.200053Z,2021-04-13T22:00:29.035500Z
4739326267,Criar depara de Protocolos de Soja e suas Avaliações (p/ adicionar ordem de medição),,,TRUE,abr. 13,2,,,,,2021-04-12T23:05:39.544637Z,2021-04-13T21:32:46.055800Z
4739334837,Reunião Base de Influenciadores,,,TRUE,abr. 13 16:00,1,,,,,2021-04-12T23:10:43.775303Z,2021-04-13T19:31:59.010100Z
4689789651,Exercício Dominó - Grafos,,,TRUE,abr. 12,1,,,,,2021-03-25T14:05:17.541203Z,2021-04-13T03:27:40.022900Z
4701684835,Entrevistas Finais Microsoft,,,TRUE,abr. 9,1,,,,,2021-03-30T03:56:44.850414Z,2021-04-09T20:07:57.531000Z
4719079412,Cobrar DTMs MT e CIAs da base de IN42,,,TRUE,6 abr.,1,,,,,2021-04-05T21:49:02.967310Z,2021-04-09T20:07:46.901000Z
4719054602,Enviar arquivos para realizar Testes do Qlik,,,TRUE,6 abr.,1,,,,,2021-04-05T21:36:23.320397Z,2021-04-09T20:07:43.067000Z
4719058472,"HESO 2021_01 - IDs: 8773, 8429, 8164, 8028 e 7900",,4719054602,TRUE,,4,,Enviar arquivos para realizar Testes do Qlik,,,2021-04-05T21:38:20.144518Z,2021-04-09T20:07:40.830000Z
4719060071,FUSO 2021_03 - IDs: 7229 e 7437,,4719054602,TRUE,,4,,Enviar arquivos para realizar Testes do Qlik,,,2021-04-05T21:39:08.242656Z,2021-04-09T20:07:40.316000Z
4719056686,BISO 2021_02 - ID: 8219,,4719054602,TRUE,,4,,Enviar arquivos para realizar Testes do Qlik,,,2021-04-05T21:37:27.662723Z,2021-04-09T20:07:38.179000Z
4719054912,Tabela Tratamentos,,4719054602,TRUE,,4,,Enviar arquivos para realizar Testes do Qlik,,,2021-04-05T21:36:33.956748Z,2021-04-06T19:07:03.946000Z
4701685540,Reunião de Preparação Microsoft,,,TRUE,abr. 5,1,,,,,2021-03-30T03:57:11.066122Z,2021-04-05T21:32:25.121000Z
4669166157,Projeto 1 pt. 1 - IHC,,,TRUE,abr. 4,1,,,,,2021-03-18T07:51:37.638433Z,2021-04-05T09:24:57.650000Z
4701690072,Fazer Macro do Trialist - Planilha de Tratamentos,,,TRUE,abr. 4,1,,,,,2021-03-30T04:00:48.668211Z,2021-04-05T09:05:18.473000Z
4669152064,Projeto 1 - Grafos,,,TRUE,abr. 3,1,,,,,2021-03-18T07:45:41.484999Z,2021-04-04T04:25:15.007200Z
4689787760,T12 - IHC,,,TRUE,abr. 2,3,,,,,2021-03-25T14:04:36.499450Z,2021-04-03T02:15:33.080400Z
4669157162,Projeto 1 - Metodologia de Pesquisa,,,TRUE,mar. 31,1,,,,,2021-03-18T07:47:40.321419Z,2021-04-02T15:57:52.108000Z
4689793690,Calculadora Distribuída - Comp. Dist.,,,TRUE,mar. 25,3,,,,,2021-03-25T14:06:44.263682Z,2021-03-30T03:41:50.060600Z
4685028164,Reunião Testes do Qlik,,,TRUE,mar. 26 15:00,1,,,,,2021-03-23T23:28:36.242058Z,2021-03-26T18:50:48.145000Z
4681673711,Consertar Macro de Extração do Trialist,,,TRUE,mar. 24,1,,,,,2021-03-22T22:08:27.870266Z,2021-03-24T23:25:14.073000Z
4681680862,Começar a popular Base de Influenciadores,,,TRUE,mar. 23,2,,,,,2021-03-22T22:11:52.871300Z,2021-03-23T23:27:27.083600Z
4681493061,Marcar Testes de Qlikview com Marco,,,TRUE,mar. 23,1,,,,,2021-03-22T20:50:11.724644Z,2021-03-23T23:26:48.010200Z
4669141308,Atividade 9 - Comp. Distrib.,,,TRUE,18 mar.,4,,,,,2021-03-18T07:41:42.582897Z,2021-03-23T04:18:55.036800Z
4672020957,Tarefa do Banco - Comp Distribuída,,,TRUE,mar. 23,3,,,,,2021-03-19T06:28:45.356479Z,2021-03-23T04:18:46.001400Z
4678927961,Responder Mercado Livre - Bose Frames Alto,,,TRUE,22 mar.,4,,,,,2021-03-22T06:39:00.727761Z,2021-03-22T16:29:45.034000Z
4669146335,Tarefa 10 - IHC,,,TRUE,21 mar.,3,,,,,2021-03-18T07:43:40.710242Z,2021-03-22T02:46:14.036400Z
4669161351,Email aos estagiários sobre Reclassificações,,,TRUE,19 mar.,4,,,,,2021-03-18T07:49:24.756085Z,2021-03-19T19:09:05.082500Z
4648743924,Parsear PDF de Influenciadores - HF,,,TRUE,18 mar.,1,,,,,2021-03-10T22:40:03.799847Z,2021-03-19T04:47:15.889000Z
4630760995,Entrevista de emprego - Microsoft,,,TRUE,mar. 17 15:00,1,,,,,2021-03-04T14:12:57.519539Z,2021-03-18T07:40:55.882000Z
4621291888,Estudar para entrevista Microsoft,,,TRUE,15 mar.,1,,,,,2021-03-01T16:00:37.409234Z,2021-03-18T07:40:54.068000Z
4650951619,Atividade RPC - Computação Distribuída,,,TRUE,mar. 16,3,,,,,2021-03-11T16:43:17.905058Z,2021-03-18T07:40:51.263000Z
4640650735,Tarefa 8 - IHC,,,TRUE,mar. 13,3,,,,,2021-03-08T13:07:47.985677Z,2021-03-13T23:16:34.003600Z
4646133871,Criar pastas e organizar Sharepoint DTM,,,TRUE,mar. 12,2,,,,,2021-03-10T04:28:27.022619Z,2021-03-11T17:34:14.005000Z
4648577259,Estrutura de Integrantes do time de DTM,,4646133871,TRUE,,4,,Criar pastas e organizar Sharepoint DTM,,,2021-03-10T21:19:39.992198Z,2021-03-11T17:34:14.005000Z
4648754386,Conversar com Henrique sobre Qlik online,,,TRUE,mar. 11,4,,,,,2021-03-10T22:46:03.895053Z,2021-03-11T16:50:57.018500Z
4648576794,Pastas de CODE e ALD,,4646133871,TRUE,,4,,Criar pastas e organizar Sharepoint DTM,,,2021-03-10T21:19:24.463657Z,2021-03-10T22:38:35.097800Z
4646131273,Conversar com Matarazi sobre Qlik em Servidor,,,TRUE,mar. 10,4,,,,,2021-03-10T04:27:04.087662Z,2021-03-10T22:38:29.059900Z
4628852006,Parsear PDFs da Base de Influenciadores,,,TRUE,mar. 11,2,,,,,2021-03-03T21:30:51.369093Z,2021-03-10T21:18:54.072700Z
4632291051,CIAs Agrícolas,,4628852006,TRUE,,4,,Parsear PDFs da Base de Influenciadores,,,2021-03-05T00:44:59.663752Z,2021-03-10T21:00:17.041400Z
4632292048,Cerrado Leste,,4628852006,TRUE,,4,,Parsear PDFs da Base de Influenciadores,,,2021-03-05T00:45:40.370740Z,2021-03-10T20:28:13.078600Z
4632290816,PR e MS,,4628852006,TRUE,,4,,Parsear PDFs da Base de Influenciadores,,,2021-03-05T00:44:49.734967Z,2021-03-10T19:02:53.064100Z
4565013928,Enviar email aos professores sobre o TCC,,,TRUE,mar. 23,1,,,,,2021-02-09T06:57:04.903256Z,2021-03-10T15:04:02.044000Z
4630758714,Reunião com Orientador - TCC,,,TRUE,mar. 10 11:00,1,,,,,2021-03-04T14:12:07.695488Z,2021-03-10T14:39:40.015000Z
4640732445,Finalizar Atividade de Brainstorm do Projeto - IHC,,,TRUE,9 mar.,1,,,,,2021-03-08T13:36:19.270454Z,2021-03-10T05:03:57.744000Z
4640656717,Call com Luigi sobre entrevista da Microsoft,,,TRUE,mar. 8 17:00,1,,,,,2021-03-08T13:09:50.385842Z,2021-03-09T01:11:49.873000Z
4640644721,Questionar Jonatha sobre informações do Reporte de Ações de Seedcare,,,TRUE,mar. 8,2,,,,,2021-03-08T13:05:50.326355Z,2021-03-08T18:47:36.427000Z
4640642448,Gerar e Enviar planilha MAPA,,,TRUE,mar. 8,1,,,,,2021-03-08T13:05:01.157579Z,2021-03-08T18:43:44.222000Z
4632534211,Aplicar para vagas de estágio,,,TRUE,mar. 5,3,,,,,2021-03-05T03:57:55.843969Z,2021-03-08T02:16:16.066500Z
4632534726,Aplicar para Facebook,,4632534211,TRUE,,4,,Aplicar para vagas de estágio,,,2021-03-05T03:58:27.354259Z,2021-03-08T02:16:15.067000Z
4632534964,Aplicar para Google,,4632534211,TRUE,,4,,Aplicar para vagas de estágio,,,2021-03-05T03:58:39.745854Z,2021-03-08T02:16:15.015700Z
4632534820,Aplicar para Amazon,,4632534211,TRUE,,4,,Aplicar para vagas de estágio,,,2021-03-05T03:58:31.442824Z,2021-03-08T02:13:33.070700Z
4632534631,Aplicar para IBM,,4632534211,TRUE,,4,,Aplicar para vagas de estágio,,,2021-03-05T03:58:22.184977Z,2021-03-08T01:47:50.029700Z
4632534335,Atualizar currículo,,4632534211,TRUE,,4,,Aplicar para vagas de estágio,,,2021-03-05T03:58:04.573680Z,2021-03-08T01:47:49.009700Z
4625633837,Anotar Aula e entregar Atividade - Comp. Distrib.,,,TRUE,mar. 5 09:20,4,,,,,2021-03-02T21:27:43.845326Z,2021-03-06T03:26:12.198000Z
4634776673,Atualizar Lista de Produtos IN42 e Pasta de Protocolos,,,TRUE,mar. 5,1,,,,,2021-03-05T20:47:51.559386Z,2021-03-05T22:49:06.450000Z
4634921906,Mandar cadernos de campo,,4634776673,TRUE,,4,,Atualizar Lista de Produtos IN42 e Pasta de Protocolos,,,2021-03-05T22:07:08.058089Z,2021-03-05T22:49:05.271000Z
4608607883,Enviar cadernos de campo Tanaka,,,TRUE,mar. 8,3,,,,,2021-02-24T21:20:32.333090Z,2021-03-05T22:24:23.528000Z
4634922040,Mandar cadernos de campo Tanaka,,4634776673,TRUE,,4,,Atualizar Lista de Produtos IN42 e Pasta de Protocolos,,,2021-03-05T22:07:14.755308Z,2021-03-05T22:20:39.084000Z
4634922219,Mandar MAPA,,4634776673,TRUE,,4,,Atualizar Lista de Produtos IN42 e Pasta de Protocolos,,,2021-03-05T22:07:21.345135Z,2021-03-05T22:17:06.147000Z
4634783418,Pasta de Protocolos,,4634776673,TRUE,,4,,Atualizar Lista de Produtos IN42 e Pasta de Protocolos,,,2021-03-05T20:51:30.379551Z,2021-03-05T22:06:58.253000Z
4634783162,Lista de produtos,,4634776673,TRUE,,4,,Atualizar Lista de Produtos IN42 e Pasta de Protocolos,,,2021-03-05T20:51:21.667036Z,2021-03-05T21:52:04.715000Z
4632290266,Seedcare,,4628852006,TRUE,,4,,Parsear PDFs da Base de Influenciadores,,,2021-03-05T00:44:24.057076Z,2021-03-05T00:46:31.093900Z
4632289520,RS e SC,,4628852006,TRUE,,4,,Parsear PDFs da Base de Influenciadores,,,2021-03-05T00:43:53.229731Z,2021-03-05T00:46:30.088300Z
4632289429,MT,,4628852006,TRUE,,4,,Parsear PDFs da Base de Influenciadores,,,2021-03-05T00:43:49.151978Z,2021-03-05T00:46:29.024900Z
4626260042,Palestra IBM - Aquisição de Talentos,,,TRUE,mar. 4 18:00,3,,,,,2021-03-03T03:42:40.872908Z,2021-03-04T22:30:28.740000Z
4631198208,Atividade de Compiladores 2,,,TRUE,mar. 4,4,,,,,2021-03-04T16:34:55.717715Z,2021-03-04T19:19:51.091100Z
4631197886,Atividade de Compiladores 1,,,TRUE,mar. 4,4,,,,,2021-03-04T16:34:48.323755Z,2021-03-04T18:18:02.080900Z
4625629816,Ajeitar colunas da Macro de IN42,,,TRUE,mar. 3,2,,,,,2021-03-02T21:26:05.157062Z,2021-03-03T22:32:19.035700Z
4625865384,Ajeitar e enviar base de Influenciadores do MT,,,TRUE,3 mar.,1,,,,,2021-03-02T23:18:05.431146Z,2021-03-03T21:28:58.000100Z
4622626664,Parsear restante dos PDFs de Influenciadores,,,TRUE,mar. 2,1,,,,,2021-03-02T00:14:51.332903Z,2021-03-02T23:18:01.955000Z
4625364913,Palestra sobre Estágio Obrigatório (Horas Extras),,,TRUE,mar. 2 18:30,1,,,,,2021-03-02T19:39:16.686853Z,2021-03-02T23:17:54.357000Z
4611868636,Preencher formulário de pagamento - Influenciador Eder Novaes,,,TRUE,mar. 2,1,,,,,2021-02-25T22:52:16.719315Z,2021-03-02T19:37:06.031600Z
4611867484,Reunião Pagamentos,,,TRUE,mar. 2 15:00,1,,,,,2021-02-25T22:51:40.927645Z,2021-03-02T19:37:04.032400Z
4621285925,Atividade T6 de IHC,,,TRUE,1 mar.,3,,,,,2021-03-01T15:59:01.868939Z,2021-03-02T01:45:13.011000Z
4621586213,Parsear restante dos PDFs de Influenciadores,,,TRUE,mar. 1,1,,,,,2021-03-01T17:24:06.248830Z,2021-03-02T00:14:50.090300Z
4621284541,Averiguar questão do Formyoula de Seedcare,,,TRUE,1 mar.,2,,,,,2021-03-01T15:58:39.873967Z,2021-03-01T16:35:08.086000Z
4576334622,Escrever Script: Parsear PDFs e criar base de dados,,,TRUE,26 fev.,2,,,,,2021-02-12T22:42:45.914812Z,2021-02-26T23:01:12.036300Z
4611673918,Estratificar protocolos INSO 01 e 02 no Trialist,,,TRUE,mar. 1,1,,,,,2021-02-25T21:14:07.195110Z,2021-02-26T17:27:40.058000Z
4609110458,Atividade de Computação Distribuída - Aula 03,,,TRUE,fev. 25,3,,,,,2021-02-25T02:17:51.248805Z,2021-02-26T02:36:18.043200Z
4609100671,Enviar template de Market Share Seedcare para avaliação do Jonatha,,,TRUE,fev. 25,1,,,,,2021-02-25T02:10:26.838772Z,2021-02-25T20:11:46.519000Z
4600970955,Atividade Lab de Eng de Soft,,,TRUE,fev. 24,3,,,,,2021-02-22T14:05:47.608580Z,2021-02-25T02:58:49.037800Z
4595209988,Montar Template de Market Share p/ Filial de Seedcare,,,TRUE,fev. 24,2,,,,,2021-02-19T23:28:16.274350Z,2021-02-25T02:09:47.062200Z
4605839325,Tarefa de Participação - Teoria dos Grafos,,,TRUE,fev. 23,3,,,,,2021-02-24T01:20:28.158488Z,2021-02-24T02:51:37.031200Z
4600967187,Atividade Interação Humano-computador T4,,,TRUE,24 fev.,3,,,,,2021-02-22T14:04:31.223890Z,2021-02-24T01:19:42.002700Z
4602643290,Explicar para os DTMs sobre os Cadernos de Campo,,,TRUE,fev. 23,1,,,,,2021-02-23T00:40:25.244808Z,2021-02-23T21:10:09.069700Z
4597159888,Fazer teste de Problem Solve do Hackerrank,,,TRUE,fev. 27,4,,,,,2021-02-20T23:20:46.847442Z,2021-02-22T23:57:41.065300Z
4601035491,Entender Pagamentos da Karina,,,TRUE,fev. 22,2,,,,,2021-02-22T14:27:32.624443Z,2021-02-22T23:19:15.222000Z
4595206860,Reunião de Market Share Seedcare,,,TRUE,fev. 22 15:00,1,,,,,2021-02-19T23:25:39.114261Z,2021-02-22T18:29:20.411000Z
4589056588,Fazer teste de Python do Hackerrank,,,TRUE,fev. 20,2,,,,,2021-02-17T20:40:54.676895Z,2021-02-20T23:20:14.052100Z
4588590448,Tirar fotos dos produtos e publicar no mercado livre,,,TRUE,17 fev.,3,,,,,2021-02-17T17:31:30.322297Z,2021-02-20T19:59:51.058100Z
4588592050,Tissot Touch,,4588590448,TRUE,,4,,Tirar fotos dos produtos e publicar no mercado livre,,,2021-02-17T17:32:06.725959Z,2021-02-20T19:59:51.058100Z
4588591060,Frames Alto,,4588590448,TRUE,,4,,Tirar fotos dos produtos e publicar no mercado livre,,,2021-02-17T17:31:42.618919Z,2021-02-20T06:46:17.079500Z
4564991234,Tarefa de Interação H-C: Experiências de Interação,,,TRUE,fev. 19,3,,,,,2021-02-09T06:43:34.898957Z,2021-02-20T00:06:15.097400Z
4573532019,Editar protocolos no Trialist,,,TRUE,19 fev.,2,,,,,2021-02-11T22:14:08.048495Z,2021-02-19T23:24:54.063600Z
4573535954,Avisar ao Adriano Queiroz sobre o HECA_2021 CODE,,4573532019,TRUE,,4,,Editar protocolos no Trialist,,,2021-02-11T22:16:09.230028Z,2021-02-19T23:24:50.040800Z
4575691796,Inserir produtos Jump e MegaBR no protocolo HECA 2021_01 CODE,,4573532019,TRUE,,4,,Editar protocolos no Trialist,,,2021-02-12T17:27:29.124620Z,2021-02-19T23:22:58.025900Z
4592384431,Reunião de Análise de Vendas Seedcare,,,TRUE,fev. 19 16:30,1,,,,,2021-02-18T23:13:08.833703Z,2021-02-19T20:35:25.365000Z
4573565430,"Avisar ao Jander, Carlito e Vergara sobre os protocolos INSO",,4573532019,TRUE,,4,,Editar protocolos no Trialist,,,2021-02-11T22:31:30.507775Z,2021-02-19T20:33:33.857000Z
4573535343,"Trocar ""adultos/ batidas de pano"" por ""lagartas pequenas/batidas de pano"" e ""lagartas grandes/batidas de pano"" nos protocolos INSO 2021_04 e INSO 2021_03",,4573532019,TRUE,,4,,Editar protocolos no Trialist,,,2021-02-11T22:15:49.559167Z,2021-02-19T20:22:40.048800Z
4591178558,Montar infográfico sobre Cloud,,,TRUE,fev. 18,1,,,,,2021-02-18T15:00:38.605449Z,2021-02-18T23:04:40.081100Z
4576333240,Reunião sobre Automatização do Controle de Contratos,,,TRUE,fev. 18 14:00,1,,,,,2021-02-12T22:41:48.015909Z,2021-02-18T17:41:24.460000Z
4588591399,Blue Yeti,,4588590448,TRUE,,4,,Tirar fotos dos produtos e publicar no mercado livre,,,2021-02-17T17:31:50.410328Z,2021-02-18T04:13:45.090300Z
4576154310,Reportar ações de seedcare,,,TRUE,12 fev.,1,,,,,2021-02-12T20:57:39.614278Z,2021-02-12T21:24:11.392000Z
4573041306,Criar contratos do Busato no e-law,,,TRUE,11 fev.,1,,,,,2021-02-11T18:38:11.434938Z,2021-02-11T22:03:43.088200Z
4573156009,2º Contrato,,4573041306,TRUE,fev. 11,4,,Criar contratos do Busato no e-law,,,2021-02-11T19:24:13.688317Z,2021-02-11T22:03:41.045100Z
4573067656,Script IN42: Consertar “objetivos” dos cadernos de campo,,,TRUE,12 fev.,3,,,,,2021-02-11T18:47:50.948353Z,2021-02-11T20:11:19.077900Z
4573155843,1º Contrato,,4573041306,TRUE,fev. 11,4,,Criar contratos do Busato no e-law,,,2021-02-11T19:24:08.790494Z,2021-02-11T19:24:33.044400Z
4571028829,Reunião de Apresentação da Macro Cadernos de Campo,,,TRUE,11 fev.,1,,,,,2021-02-11T03:16:03.309191Z,2021-02-11T18:37:26.276000Z
4572262429,Fazer Contrato de Comodato - Busato,,,TRUE,11 fev.,2,,,,,2021-02-11T14:09:01.894639Z,2021-02-11T17:59:56.084000Z
4572565114,Inserir Contrato na planilha de controle,,4572262429,TRUE,fev. 11,4,,Fazer Contrato de Comodato - Busato,,,2021-02-11T15:49:44.889755Z,2021-02-11T17:59:54.043700Z
4572566140,Notificar Busato sobre contrato,,4572262429,TRUE,fev. 11,4,,Fazer Contrato de Comodato - Busato,,,2021-02-11T15:50:04.293855Z,2021-02-11T17:54:26.024900Z
4572564513,Inserir Contrato no E-law,,4572262429,TRUE,fev. 11,4,,Fazer Contrato de Comodato - Busato,,,2021-02-11T15:49:34.503470Z,2021-02-11T17:54:23.037700Z
4572563383,Responder e-mail do Busato e informá-lo sobre DocuSign,,4572262429,TRUE,fev. 11,4,,Fazer Contrato de Comodato - Busato,,,2021-02-11T15:49:11.587859Z,2021-02-11T17:20:05.034300Z
4544971900,Escrever Script - Envio de emails p/ Cadernos de Campo,,,TRUE,fev. 10,1,,,,,2021-02-02T08:33:25.209641Z,2021-02-11T03:09:30.177000Z
4570471658,Inserir protocolo no trialist,,,TRUE,10 fev.,1,,,,,2021-02-10T21:20:06.343388Z,2021-02-11T01:53:04.600000Z
4569788037,Responder Jonatha sobre Budget,,,TRUE,10 fev.,1,,,,,2021-02-10T16:58:21.276220Z,2021-02-10T22:42:46.346000Z
4562043416,Conseguir embalagens para vender objetos,,,TRUE,fev. 10,3,,,,,2021-02-08T10:13:02.245280Z,2021-02-10T20:22:08.267000Z
4564999999,Fita adesiva marrom,,4562043416,TRUE,fev. 12,4,,Conseguir embalagens para vender objetos,,,2021-02-09T06:49:12.201007Z,2021-02-10T20:21:28.121000Z
4562044727,Plástico bolha,,4562043416,TRUE,fev. 12,4,,Conseguir embalagens para vender objetos,,,2021-02-08T10:13:29.139694Z,2021-02-10T20:21:26.770000Z
4562044259,Caixas de papelão,,4562043416,TRUE,fev. 12,4,,Conseguir embalagens para vender objetos,,,2021-02-08T10:13:19.834092Z,2021-02-10T20:21:25.643000Z
4567936599,Responder email sobre vendas do Ricardo Braz,,,TRUE,10 fev.,1,,,,,2021-02-10T03:23:35.453648Z,2021-02-10T18:13:43.210000Z
4564384276,Comprar remédio fungicida na farmácia,,,TRUE,fev. 10,2,,,,,2021-02-08T23:35:53.839571Z,2021-02-10T16:28:32.744000Z
4562029778,Cancelar MaxiConta Estudante do Itau,,,TRUE,fev. 10,2,,,,,2021-02-08T10:07:47.557751Z,2021-02-10T16:28:31.038000Z
4564380519,Consertar o script e os inputs p/ o Reporte IN42,,,TRUE,fev. 8,2,,,,,2021-02-08T23:33:35.229575Z,2021-02-08T23:33:35.071100Z
4564379562,Consertar o script de envio de emails p/ Reporte de Vendas,,,TRUE,fev. 8,4,,,,,2021-02-08T23:33:00.551128Z,2021-02-08T23:33:00.003100Z
4560968129,Pedir para o TI instalar o pacote Office,,,TRUE,fev. 8,1,,,,,2021-02-08T00:14:38.639182Z,2021-02-08T17:05:37.314000Z
4544976852,Organizar Github,,,TRUE,fev. 5,2,,,,,2021-02-02T08:35:34.336718Z,2021-02-08T03:48:37.033500Z
4544974583,Organizar Linkedin,,,TRUE,fev. 5,2,,,,,2021-02-02T08:34:35.407856Z,2021-02-08T03:48:36.049600Z
4544973871,Fazer Brainstorm - Finanças Pessoais,,,TRUE,fev. 4,4,,,,,2021-02-02T08:34:18.168412Z,2021-02-05T08:08:47.031100Z
4544963549,Escrever Script - Cadernos de Campo,,,TRUE,fev. 4,1,,,,,2021-02-02T08:30:02.805958Z,2021-02-05T05:05:04.035300Z
4544962660,Escrever Script - Cadernos de Campo,,,TRUE,fev. 3,1,,,,,2021-02-02T08:29:41.544081Z,2021-02-04T22:24:54.058100Z
4544980084,Baixar arquivos importantes do 5 semestre de CC,,,TRUE,fev. 3,2,,,,,2021-02-02T08:36:59.730982Z,2021-02-03T19:05:59.052500Z
4544963164,Escrever Script - Cadernos de Campo,,,TRUE,fev. 3,1,,,,,2021-02-02T08:29:52.565915Z,2021-02-03T06:51:59.017300Z
4544960556,Resolver problema de Product Keys Microsoft Office,,,TRUE,fev. 2,1,,,,,2021-02-02T08:28:56.468366Z,2021-02-02T19:33:58.779000Z
4205747446,Anotar Redes - aula do dia 25 de set (TCP),,,TRUE,,2,,,,,2020-09-26T03:32:48.437755Z,2021-02-02T08:28:17.026300Z
4212735819,Anotar Paradigmas - aula do dia 28 de set (Paradigma Imperativo Estruturado),,,TRUE,,4,,,,,2020-09-28T23:04:34.031697Z,2021-02-02T08:28:16.051200Z
4322135503,Anotar Paradigmas,,,TRUE,,4,,,,,2020-11-09T16:57:52.559459Z,2021-02-02T08:28:15.085100Z
4198200035,Anotar Paradigmas,,,TRUE,,4,,,,,2020-09-23T13:37:33.094500Z,2021-02-02T08:28:15.027200Z
4198187772,Anotar paradigmas - aula do dia 21 de set (Paradigma Imperativo Estruturado),,,TRUE,,4,,,,,2020-09-23T13:33:20.784335Z,2021-02-02T08:28:14.066800Z
4192570010,"Anotar Redes - aula do dia 23/10 (IPV6, NAT e DHCP)",,,TRUE,,4,,,,,2020-09-21T15:29:40.568735Z,2021-02-02T08:28:13.074700Z
4322133965,Anotar Redes,,,TRUE,,4,,,,,2020-11-09T16:57:23.521441Z,2021-02-02T08:28:12.081900Z
4286907897,Anotar Redes,,,TRUE,,4,,,,,2020-10-26T21:08:32.935869Z,2021-02-02T08:28:12.008200Z
4192564400,"Anotar Comp. Paralela - aula do dia 22/10 (ordenação paralela - Quick, Merge e Bubble)",,,TRUE,,4,,,,,2020-09-21T15:27:59.600538Z,2021-02-02T08:01:00.005700Z
4286915511,Anotar Comp. Paralela,,,TRUE,,4,,,,,2020-10-26T21:11:21.218048Z,2021-02-02T08:00:53.050100Z
4389332469,Preencher documento de estágio obrigatório do Mackenzie,,,TRUE,dez. 9,1,,,,,2020-12-04T22:21:14.626347Z,2021-02-02T06:48:54.047600Z
4192237928,Fazer reclassificações do mês,,,TRUE,every 25th ending 2020-12-30,1,,,,,2020-09-21T13:54:13.210643Z,2021-02-02T06:48:50.042200Z
4192176556,Reunião de atividades semanais,,,TRUE,every monday ending 2020-12-30,4,,,,,2020-09-21T13:35:53.089127Z,2021-02-02T06:48:48.068000Z
4389317710,Escrever script - Caderno de Campo,,,TRUE,dez. 10,1,,,,,2020-12-04T22:12:01.902364Z,2021-02-02T06:48:46.097800Z
4389317875,Escrever script - Caderno de Campo,,,TRUE,dez. 11,1,,,,,2020-12-04T22:12:07.091359Z,2021-02-02T06:48:46.039500Z
4192421653,Reportar Budget,,,TRUE,every 10th ending 2020-12-30,3,,,,,2020-09-21T14:47:01.992378Z,2021-02-02T06:48:33.038700Z
4192424210,Reportar Vendas,,,TRUE,every 11th ending 2020-12-30,3,,,,,2020-09-21T14:47:45.949731Z,2021-02-02T06:48:27.000400Z
4389310279,Adicionar protocolos no Trialist,,,TRUE,dez. 9,2,,,,,2020-12-04T22:07:51.222908Z,2021-02-02T06:48:24.010700Z
4389312797,Perguntar a Juliana Dias sobre documento Nube do 2 semestre,,,TRUE,dez. 8,2,,,,,2020-12-04T22:09:23.383903Z,2021-02-02T06:48:12.010500Z
4389311231,Perguntar a Tiene sobre contratos parados no Elaw,,,TRUE,dez. 8,2,,,,,2020-12-04T22:08:28.320635Z,2021-02-02T06:48:08.043500Z
4389309937,Adicionar protocolos no Trialist,,,TRUE,dez. 8,2,,,,,2020-12-04T22:07:38.862825Z,2021-02-02T06:48:06.038700Z
4389314662,Marcar castração do Dagon para próxima semana,,,TRUE,dez. 8,1,,,,,2020-12-04T22:10:26.584685Z,2021-02-02T06:48:04.006700Z
4389313704,Comprar embrulho para presentes,,,TRUE,dez. 8,1,,,,,2020-12-04T22:09:53.025739Z,2021-02-02T06:48:02.037400Z
4322163305,Anotar Comp. Paralela,,,TRUE,every thu ending 2020-12-01,4,,,,,2020-11-09T17:06:26.098566Z,2020-12-04T21:24:14.098900Z
4231482489,Anotar Eng. Soft.,,,TRUE,every wed ending 2020-12-01,4,,,,,2020-10-05T19:09:10.997865Z,2020-12-04T21:24:13.092100Z
4192539369,Anotar Autômatos,,,TRUE,every tuesday ending 2020-12-01,4,,,,,2020-09-21T15:20:36.171889Z,2020-12-04T21:24:13.020200Z
4322147445,Anotar Paradigmas,,,TRUE,every monday ending 2020-12-01,4,,,,,2020-11-09T17:01:29.315822Z,2020-12-04T21:24:11.081500Z
4192432964,Anotar Eng. Soft.,,,TRUE,every monday ending 2020-12-01,4,,,,,2020-09-21T14:50:19.939729Z,2020-12-04T21:24:11.014300Z
4322149575,Criar Contrato c/ Assinatura Digital,,,TRUE,nov. 16,1,,,,,2020-11-09T17:02:13.650818Z,2020-12-04T21:24:08.068100Z
4192566548,Atividade de Comp. Paralela,,,TRUE,every thursday ending 2020-12-01,3,,,,,2020-09-21T15:28:36.986641Z,2020-12-04T21:24:02.047300Z
4205751892,Atividade Redes,,,TRUE,every friday ending 2020-12-01,3,,,,,2020-09-26T03:37:54.705422Z,2020-11-22T05:34:30.960000Z
4322176636,Atividade de Autômatos,,,TRUE,nov. 17,2,,,,,2020-11-09T17:10:58.250920Z,2020-11-22T05:34:00.505000Z
4322151502,Compartilhar com os estagiários o novo Contrato Digital,,,TRUE,nov. 16,1,,,,,2020-11-09T17:02:54.496851Z,2020-11-22T05:33:55.367000Z
4332396878,Empreend. - Vídeo Pitch,,,TRUE,nov. 16,1,,,,,2020-11-13T09:01:39.287573Z,2020-11-22T05:33:43.384000Z
4322141487,Listar contratos da Rubiana no Elaw,,,TRUE,nov. 16,1,,,,,2020-11-09T16:59:32.416688Z,2020-11-22T05:33:37.844000Z
4323402209,Empreend. - Vídeo Pitch,,,TRUE,nov. 13,1,,,,,2020-11-10T03:18:44.688003Z,2020-11-22T05:33:24.626000Z
4323401421,Eng. Soft - Projeto (Testes),,,TRUE,nov. 13,2,,,,,2020-11-10T03:18:01.930089Z,2020-11-13T09:29:01.053800Z
4323416538,Eng. Soft. - Resumo Testes,,,TRUE,nov. 12,1,,,,,2020-11-10T03:30:35.259224Z,2020-11-13T09:00:09.094900Z
4328534555,Prova Paradigmas,,,TRUE,nov. 11,1,,,,,2020-11-11T20:35:52.111707Z,2020-11-12T03:47:02.071500Z
4322168893,Paradigmas - Lista 2,,,TRUE,nov. 10,2,,,,,2020-11-09T17:08:15.073572Z,2020-11-11T20:33:15.045500Z
4322168126,Paradigmas - Lista 1,,,TRUE,nov. 10,2,,,,,2020-11-09T17:07:58.722868Z,2020-11-11T20:33:14.052900Z
4268594299,Atividade de Eng. Soft - Individual 8 e 10 (diagramas e código),,,TRUE,nov. 9,3,,,,,2020-10-19T20:27:23.615892Z,2020-11-10T06:54:58.018900Z
4322165768,Quiz - Empreendedorismo,,,TRUE,nov. 9,3,,,,,2020-11-09T17:07:09.302264Z,2020-11-09T23:11:55.061900Z
4322140076,Publicar protocolos,,,TRUE,nov. 9,1,,,,,2020-11-09T16:59:08.540924Z,2020-11-09T22:35:59.000900Z
4192556948,Anotar Autômatos,,,TRUE,toda 4° terminar 2020-12-01,4,,,,,2020-09-21T15:25:44.982968Z,2020-11-09T16:57:02.095700Z
4322132519,Anotar Autômatos,,,TRUE,toda 4° terminar 2020-12-01,4,,,,,2020-11-09T16:56:54.905476Z,2020-11-09T16:56:53.008300Z
4256358430,Força-Tarefa: Macro IN42,,,TRUE,nov. 4,1,,,,,2020-10-14T23:46:24.349165Z,2020-11-05T07:19:45.003000Z
4256358768,Força-Tarefa: Macro IN42,,,TRUE,nov. 3,1,,,,,2020-10-14T23:46:39.193318Z,2020-11-05T07:19:40.607000Z
4286461413,Força-Tarefa: Macro IN42,,,TRUE,out. 30,1,,,,,2020-10-26T18:06:04.967669Z,2020-11-05T07:19:38.094000Z
4286466567,Atividade de Eng. Soft - Projeto,,,TRUE,out. 30,2,,,,,2020-10-26T18:07:53.230624Z,2020-10-30T20:07:42.094700Z
4289056630,Atividade de Automatos,,,TRUE,out. 28,3,,,,,2020-10-27T15:30:50.683561Z,2020-10-28T23:34:27.038800Z
4268603293,Atividade de Empreendedorismo - Canvas,,,TRUE,out. 27,1,,,,,2020-10-19T20:31:17.610443Z,2020-10-27T21:44:15.015600Z
4286463043,Força Tarefa: Trialist,,,TRUE,out. 27,1,,,,,2020-10-26T18:06:41.023512Z,2020-10-27T19:52:02.017800Z
4286462786,Força Tarefa: Trialist,,,TRUE,out. 26,1,,,,,2020-10-26T18:06:36.334639Z,2020-10-27T01:09:57.048200Z
4268601640,Atividade de Empreendedorismo - Concorrente,,,TRUE,out. 26,1,,,,,2020-10-19T20:30:36.259037Z,2020-10-26T21:06:56.053000Z
4256246554,Força-Tarefa: Subir Protocolos pro Trialist,,,TRUE,out. 23,2,,,,,2020-10-14T22:24:23.541420Z,2020-10-23T22:24:46.841000Z
4256335397,Adicionar Produtos dos Protocolos BISO na Categoria Biológicos do Masterdata,,,TRUE,out. 23,3,,,,,2020-10-14T23:28:50.411077Z,2020-10-23T21:37:37.033400Z
4268478968,Prova de Paradigmas,,,TRUE,out. 23,1,,,,,2020-10-19T19:38:51.284838Z,2020-10-23T20:23:03.063900Z
4268593136,Atividade de Eng. Soft - Projeto 7,,,TRUE,out. 24,1,,,,,2020-10-19T20:26:53.288407Z,2020-10-23T05:56:44.569000Z
4256246363,Força-Tarefa: Subir Protocolos pro Trialist,,,TRUE,out. 22,2,,,,,2020-10-14T22:24:16.850330Z,2020-10-23T05:56:29.618000Z
4268494397,Atividade de Paradigmas - N:1,,,TRUE,out. 24,1,,,,,2020-10-19T19:45:26.119903Z,2020-10-22T05:49:27.088900Z
4256246223,Força-Tarefa: Subir Protocolos pro Trialist,,,TRUE,out. 21,2,,,,,2020-10-14T22:24:11.171245Z,2020-10-22T01:23:31.034000Z
4268494932,Atividade de Paradigmas - Coerção,,,TRUE,out. 24,1,,,,,2020-10-19T19:45:41.307436Z,2020-10-21T01:38:35.007200Z
4256246076,Força-Tarefa: Subir Protocolos pro Trialist,,,TRUE,out. 20,1,,,,,2020-10-14T22:24:04.447727Z,2020-10-21T00:21:17.029100Z
4271275504,Palestra Mack - Horas de Atividades Complementares,,,TRUE,out. 20 18:00,2,,,,,2020-10-20T18:07:50.501111Z,2020-10-21T00:21:16.015400Z
4262073435,Perguntar ao RH como que faço para assinarem o TAE (Termo Aditivo de Estágio),,,TRUE,out. 20,1,,,,,2020-10-17T01:43:39.219742Z,2020-10-20T18:01:02.018800Z
4269328073,Budget - Facco,,,TRUE,20 out.,3,,,,,2020-10-20T04:36:27.645188Z,2020-10-20T17:36:41.032300Z
4262187122,Transferir dinheiro para a conta da Rico,,,TRUE,out. 20,1,,,,,2020-10-17T04:11:31.174305Z,2020-10-20T16:52:43.057200Z
4256244684,Força-Tarefa: Subir Protocolos pro Trialist,,,TRUE,out. 19,2,,,,,2020-10-14T22:23:13.251668Z,2020-10-20T04:35:07.699000Z
4268486319,Palestra de Nuvem - Horas de Atividades Complementares,,,TRUE,out. 19 18:00,1,,,,,2020-10-19T19:42:04.029376Z,2020-10-19T22:30:17.087000Z
4261765716,Reunião c/ Elaine antes das Férias,,,TRUE,out. 16,4,,,,,2020-10-16T21:14:20.882084Z,2020-10-16T21:14:18.097800Z
4261129216,Responder Emails,,,TRUE,out. 16,4,,,,,2020-10-16T15:58:37.696684Z,2020-10-16T21:13:12.057000Z
4256622570,Enviar Email com BGTs Ajustados p/ o Aimar,,,TRUE,out. 20,1,,,,,2020-10-15T03:12:43.267184Z,2020-10-16T21:06:39.045400Z
4256388285,Responder Email - Vinícius,,,TRUE,out. 15,4,,,,,2020-10-15T00:09:00.014237Z,2020-10-16T19:18:46.045100Z
4253437787,Força-Tarefa: Subir Protocolos pro Trialist,,,TRUE,out. 15,3,,,,,2020-10-14T00:20:22.169157Z,2020-10-15T22:27:28.007400Z
4252746978,Reportar Budget - Jonas,,,TRUE,out. 19,2,,,,,2020-10-13T18:21:29.655692Z,2020-10-15T17:11:40.003300Z
4256334207,Adicionar Contratos na Planilha de Controle,,,TRUE,out. 15,3,,,,,2020-10-14T23:27:54.330861Z,2020-10-15T16:35:27.039900Z
4253437646,Força-Tarefa: Subir Protocolos pro Trialist,,,TRUE,out. 14,3,,,,,2020-10-14T00:20:15.316734Z,2020-10-14T22:22:55.064700Z
4232465182,Anotar Paradigmas - aula do dia 05 de out (metade de OO),,,TRUE,,4,,,,,2020-10-06T05:11:52.523475Z,2020-10-14T01:30:36.015800Z
4216399326,Força-Tarefa: Subir Protocolos pro Trialist,,,TRUE,out. 13,3,,,,,2020-09-30T05:43:12.309001Z,2020-10-14T01:23:27.014800Z
4192556584,Anotar Eng. Soft. - aula do dia 30 de set,,,TRUE,,4,,,,,2020-09-21T15:25:36.671347Z,2020-10-14T00:35:58.077500Z
4238071922,Entregar Relatório do Salesforce de Ações de Treinamento,,,TRUE,out. 13 16:00,1,,,,,2020-10-08T00:10:14.556018Z,2020-10-14T00:20:05.027000Z
4243146066,Adicionar Contratos na Planilha de Controle,,,TRUE,out. 14,3,,,,,2020-10-09T19:23:45.668568Z,2020-10-13T18:20:50.094500Z
4252709120,Adicionar Reporte de Vendas para Gerentes no Script,,,TRUE,out. 13,2,,,,,2020-10-13T18:06:10.131393Z,2020-10-13T18:06:10.076400Z
4243655688,Enviar BGT Categorizado p/ Tissiane,,,TRUE,out. 13,2,,,,,2020-10-10T01:51:23.520839Z,2020-10-13T17:12:29.022700Z
4243654682,Enviar BGT c/ Reclassificações Acertadas p/ Vinicius,,,TRUE,out. 13,1,,,,,2020-10-10T01:50:10.556694Z,2020-10-13T16:41:27.018800Z
4232124161,Atividade Empreendedorismo - Pesquisa de Público,,,TRUE,out. 12,2,,,,,2020-10-06T00:48:20.966880Z,2020-10-13T04:22:39.062800Z
4222129840,Anotar Comp. Paralela - primeira aula do dia 01 de out,,,TRUE,,1,,,,,2020-10-02T02:03:55.145645Z,2020-10-13T00:13:37.063900Z
4232127536,Atividade Eng. Soft. - Resumo de Capítulo,,,TRUE,out. 10,4,,,,,2020-10-06T00:50:31.613522Z,2020-10-11T04:48:49.092000Z
4232126093,Atividade Paradigmas - OO em Java,,,TRUE,out. 10,1,,,,,2020-10-06T00:49:29.326779Z,2020-10-11T01:25:35.092100Z
4232121859,Atividade Eng. Soft. - Repositório do Projeto + Kan Ban,,,TRUE,out. 9,2,,,,,2020-10-06T00:46:33.404017Z,2020-10-10T03:07:37.002700Z
4243154363,Reorganizar as Categorias de Budget - Panilha YTD,,,TRUE,out. 9,3,,,,,2020-10-09T19:28:00.597457Z,2020-10-10T01:44:32.002100Z
4243148381,Reorganizar as Reclassificações - 2AP,,,TRUE,out. 9,2,,,,,2020-10-09T19:24:59.224723Z,2020-10-10T00:46:25.040500Z
4234817642,Criar Relatório no Salesforce das Ações de DTM,,,TRUE,out. 9,1,,,,,2020-10-06T21:02:12.184709Z,2020-10-09T21:26:32.001700Z
4238078089,Reunião de Budget - Vinicius,,,TRUE,out. 9 14:00,1,,,,,2020-10-08T00:15:20.786676Z,2020-10-09T17:59:07.099600Z
4226739985,Prova Redes,,,TRUE,out. 9 08:00,1,,,,,2020-10-04T01:05:29.227865Z,2020-10-09T11:56:57.085300Z
4231484561,Estudar Redes,,,TRUE,out. 8,2,,,,,2020-10-05T19:10:01.309122Z,2020-10-09T04:27:23.055600Z
4226732236,Anotar Redes - aula do dia 2 de out (camada de internet),,,TRUE,,2,,,,,2020-10-04T00:56:10.721567Z,2020-10-09T03:03:30.068800Z
4238085988,Analisar Budget - Willie e Aimar,,,TRUE,out. 8,1,,,,,2020-10-08T00:21:36.858019Z,2020-10-08T21:40:06.007400Z
4234808020,Reportar Budget - Aimar,,,TRUE,out. 13,3,,,,,2020-10-06T20:57:40.795696Z,2020-10-08T20:52:58.015600Z
4222146859,Prova Comp. Paralela,,,TRUE,out. 8 09:20,1,,,,,2020-10-02T02:17:54.488012Z,2020-10-08T15:32:49.040300Z
4231480548,Estudar Comp. Paralela,,,TRUE,out. 7,2,,,,,2020-10-05T19:08:26.499636Z,2020-10-08T05:22:39.014000Z
4234814903,Analisar Budget - Vinicius,,,TRUE,out. 7,1,,,,,2020-10-06T21:00:56.597938Z,2020-10-08T00:07:44.041700Z
4237043020,Responder emails,,,TRUE,7 out.,4,,,,,2020-10-07T15:53:11.304651Z,2020-10-07T18:59:06.093900Z
4231476878,Estudar Eng. Soft,,,TRUE,out. 6,2,,,,,2020-10-05T19:07:05.962773Z,2020-10-07T12:18:01.013200Z
4226744407,Prova Eng. Soft,,,TRUE,out. 7,1,,,,,2020-10-04T01:11:10.218015Z,2020-10-07T12:17:54.070900Z
4231478971,Atividade de Avaliar Projeto - Eng. Soft.,,,TRUE,out. 6,2,,,,,2020-10-05T19:07:49.799130Z,2020-10-07T02:30:55.056100Z
4226743256,Prova de Autômatos,,,TRUE,out. 6,1,,,,,2020-10-04T01:09:38.659744Z,2020-10-07T01:11:00.000200Z
4234214063,Reportar Gastos Unicampo,,,TRUE,out. 6,1,,,,,2020-10-06T16:51:21.275622Z,2020-10-06T17:51:40.006000Z
4231140973,Estudar Autômatos,,,TRUE,out. 5,2,,,,,2020-10-05T17:03:18.361804Z,2020-10-06T05:11:41.056100Z
4224376912,Consertar gráficos de budget p/ o Aimar,,,TRUE,out. 5,3,,,,,2020-10-02T19:17:37.050934Z,2020-10-06T00:39:21.092200Z
4216408376,Atividade de Empreendedorismo,,,TRUE,out. 5,2,,,,,2020-09-30T05:48:57.634485Z,2020-10-05T02:25:58.033900Z
4216406895,Projeto de Engenharia de Soft. - Planejamento + Canvas,,,TRUE,out. 3,2,,,,,2020-09-30T05:47:59.586330Z,2020-10-05T01:30:29.034800Z
4216412819,Quiz de Paradigmas,,,TRUE,out. 3,1,,,,,2020-09-30T05:51:41.476672Z,2020-10-04T00:53:58.075400Z
4221661592,Análise de Budget p/ o Aimar,,,TRUE,out. 1,4,,,,,2020-10-01T20:44:14.636706Z,2020-10-01T20:44:19.091200Z
4192519244,Apresentação das Atividades de Estágio - p/ Aimar,,,TRUE,out. 1 13:30,1,,,,,2020-09-21T15:14:57.046382Z,2020-10-01T17:59:50.026100Z
4216397275,Treinar Apresentação de Atividades,,,TRUE,set. 30,1,,,,,2020-09-30T05:41:54.692893Z,2020-10-01T03:24:16.064000Z
4192544878,Atividade de Empreendedorismo - Mapa mental sobre alguma área p/ inovar,,,TRUE,set. 28,3,,,,,2020-09-21T15:22:09.055421Z,2020-09-29T00:01:47.088900Z
4192514697,Apresentação das Atividades de Estágio - p/ Elaine,,,TRUE,set. 28 16:00,1,,,,,2020-09-21T15:13:47.942684Z,2020-09-28T22:57:35.015500Z
4211972809,Reunião QlikView,,,TRUE,set. 28,4,,,,,2020-09-28T17:34:08.223552Z,2020-09-28T18:00:54.067400Z
4192559364,Atividade de Eng. Soft - Resumo do Capítulo,,,TRUE,,3,,,,,2020-09-21T15:26:32.031804Z,2020-09-27T00:10:39.063200Z
4192573144,Atividade de Eng. Soft. - Priorização dos Requisitos,,,TRUE,set. 26,2,,,,,2020-09-21T15:30:38.378926Z,2020-09-26T22:57:11.032700Z
4201779134,Consertar a planilha de backup das reclassificações,,,TRUE,24 set.,1,,,,,2020-09-24T15:56:29.772673Z,2020-09-24T19:54:28.045600Z
4199403355,Enviar email de reclassificações para o Financeiro,,,TRUE,24 set.,1,,,,,2020-09-23T20:57:46.339750Z,2020-09-23T21:19:38.015000Z
4193923406,Subir Ações do DTM para o Salesforce,,,TRUE,set. 23,2,,,,,2020-09-22T02:07:45.724818Z,2020-09-23T19:36:47.002900Z
4192435987,Anotar Paradigmas,,,TRUE,,4,,,,,2020-09-21T14:51:13.441420Z,2020-09-23T13:30:31.033400Z
4196185490,Adicionar linhas do Busato na planilha de ações do Formyoula,,,TRUE,set. 22,4,,,,,2020-09-22T19:35:46.427856Z,2020-09-22T19:35:51.083700Z
4195067357,Consertar Budget Jonas e Responder Email,,,TRUE,set. 22,2,,,,,2020-09-22T12:33:42.718715Z,2020-09-22T18:37:53.037000Z
4195319653,Responder emails,,,TRUE,set. 22,4,,,,,2020-09-22T14:01:51.580268Z,2020-09-22T18:37:46.024000Z
4192256670,Prova de Paradigmas de Linguagens de Programação,,,TRUE,set. 21,1,,,,,2020-09-21T13:59:26.472746Z,2020-09-22T00:04:13.052200Z